idReviser,0,rEmail,1,rInterest,2,rHealth,3,rAge,4,rEducation,5,dateT,6,flag,7,idGroup,8
1,1,yo,yo,1,1,2,2,3,3,4,4,"2019-06-24 12:43:54","2019-06-24 12:43:54",0,0,1,1
2,2,tu,tu,3,3,3,3,6,6,2,2,"2019-06-24 12:54:51","2019-06-24 12:54:51",2,2,1,1
3,3,yo,yo,,,,,,,,,"2019-06-24 13:43:56","2019-06-24 13:43:56",0,0,1,1
4,4,yo,yo,,,,,,,,,"2019-06-24 19:29:36","2019-06-24 19:29:36",0,0,1,1
5,5,A3RCSO052XFJJJ,A3RCSO052XFJJJ,1,1,,,,,,,"2019-06-24 19:34:46","2019-06-24 19:34:46",0,0,1,1
6,6,A3RCSO052XFJJJ,A3RCSO052XFJJJ,1,1,2,2,2,2,2,2,"2019-06-24 19:36:09","2019-06-24 19:36:09",0,0,1,1
7,7,A17VJ00S5DQGS4,A17VJ00S5DQGS4,1,1,1,1,2,2,4,4,"2019-06-24 19:38:21","2019-06-24 19:38:21",0,0,1,1
8,8,A2KFKP6S866JFB,A2KFKP6S866JFB,1,1,1,1,3,3,4,4,"2019-06-24 19:40:15","2019-06-24 19:40:15",0,0,1,1
9,9,A37OJ7SA8GAXTJ,A37OJ7SA8GAXTJ,1,1,2,2,2,2,3,3,"2019-06-24 19:41:30","2019-06-24 19:41:30",0,0,1,1
10,10,A35NJRIII8PW87,A35NJRIII8PW87,1,1,1,1,1,1,,,"2019-06-24 19:44:37","2019-06-24 19:44:37",0,0,1,1
11,11,A1A6K4NF9JKUHE,A1A6K4NF9JKUHE,1,1,1,1,,,,,"2019-06-24 19:44:41","2019-06-24 19:44:41",0,0,1,1
12,12,ANNZ0CZ6WN49X,ANNZ0CZ6WN49X,1,1,3,3,1,1,2,2,"2019-06-24 19:46:08","2019-06-24 19:46:08",0,0,1,1
13,13,A1OQAP1S1OGZ88,A1OQAP1S1OGZ88,1,1,1,1,,,,,"2019-06-24 19:49:51","2019-06-24 19:49:51",0,0,1,1
14,14,A1OQAP1S1OGZ88,A1OQAP1S1OGZ88,1,1,,,,,2,2,"2019-06-24 19:50:14","2019-06-24 19:50:14",0,0,1,1
15,15,A1IFHL2K9POTX,A1IFHL2K9POTX,1,1,2,2,2,2,3,3,"2019-06-24 19:56:00","2019-06-24 19:56:00",0,0,1,1
16,16,A2YVRVC704FVB6,A2YVRVC704FVB6,2,2,2,2,2,2,3,3,"2019-06-24 20:00:54","2019-06-24 20:00:54",0,0,1,1
17,17,A1OQAP1S1OGZ88,A1OQAP1S1OGZ88,,,,,,,,,"2019-06-24 20:02:25","2019-06-24 20:02:25",0,0,1,1
18,18,A1OQAP1S1OGZ88,A1OQAP1S1OGZ88,,,,,,,,,"2019-06-24 20:06:45","2019-06-24 20:06:45",0,0,1,1
19,19,AUN1LGCVAUMIK,AUN1LGCVAUMIK,1,1,2,2,4,4,4,4,"2019-06-24 20:07:36","2019-06-24 20:07:36",0,0,1,1
20,20,A34ODQBU85IKLE,A34ODQBU85IKLE,1,1,2,2,7,7,1,1,"2019-06-24 21:16:48","2019-06-24 21:16:48",0,0,1,1
21,21,A34ODQBU85IKLE,A34ODQBU85IKLE,,,,,5,5,2,2,"2019-06-24 21:17:33","2019-06-24 21:17:33",0,0,1,1
22,22,A396HQPW8JXF76,A396HQPW8JXF76,3,3,1,1,,,4,4,"2019-06-24 21:24:02","2019-06-24 21:24:02",0,0,1,1
23,23,API1OQK1QL9N4,API1OQK1QL9N4,1,1,3,3,,,,,"2019-06-24 21:28:23","2019-06-24 21:28:23",0,0,5,5
24,24,A33BWVBRPI2G3U,A33BWVBRPI2G3U,1,1,2,2,7,7,1,1,"2019-06-24 21:35:52","2019-06-24 21:35:52",0,0,5,5
25,25,A29ZGJN3S7BJU9,A29ZGJN3S7BJU9,2,2,2,2,,,,,"2019-06-24 21:44:20","2019-06-24 21:44:20",0,0,5,5
26,26,AEFLSYPEB616A,AEFLSYPEB616A,1,1,1,1,,,,,"2019-06-24 21:50:44","2019-06-24 21:50:44",0,0,5,5
27,27,A3RV6RI9C541FN,A3RV6RI9C541FN,1,1,1,1,2,2,4,4,"2019-06-24 21:50:47","2019-06-24 21:50:47",0,0,5,5
28,28,ARZ9KWKL0P8ND,ARZ9KWKL0P8ND,2,2,,,3,3,,,"2019-06-24 21:53:23","2019-06-24 21:53:23",0,0,5,5
29,29,A31Z3XL9JFZYNP,A31Z3XL9JFZYNP,,,,,,,,,"2019-06-24 21:56:45","2019-06-24 21:56:45",0,0,5,5
30,30,A31Z3XL9JFZYNP,A31Z3XL9JFZYNP,,,,,3,3,4,4,"2019-06-24 21:57:12","2019-06-24 21:57:12",0,0,5,5
31,31,A1WAWEY2810TFN,A1WAWEY2810TFN,2,2,3,3,4,4,4,4,"2019-06-24 22:03:59","2019-06-24 22:03:59",0,0,5,5
32,32,A16NK6FCIZ34TL,A16NK6FCIZ34TL,2,2,2,2,1,1,3,3,"2019-06-24 22:27:50","2019-06-24 22:27:50",0,0,5,5
33,33,A37CS4EJKE3O8B,A37CS4EJKE3O8B,1,1,2,2,4,4,4,4,"2019-06-24 22:51:14","2019-06-24 22:51:14",0,0,5,5
34,34,A2L3BRCUIILH4X,A2L3BRCUIILH4X,1,1,,,1,1,1,1,"2019-06-24 23:03:50","2019-06-24 23:03:50",0,0,1,1
35,35,A2L3BRCUIILH4X,A2L3BRCUIILH4X,3,3,3,3,5,5,3,3,"2019-06-24 23:07:24","2019-06-24 23:07:24",0,0,1,1
36,36,A3Q4QMSBUWLKCT,A3Q4QMSBUWLKCT,1,1,1,1,1,1,3,3,"2019-06-25 00:02:34","2019-06-25 00:02:34",0,0,1,1
37,37,A23KNYW5XJ9FKD,A23KNYW5XJ9FKD,2,2,2,2,4,4,,,"2019-06-25 01:15:35","2019-06-25 01:15:35",0,0,5,5
38,38,A3KK8AC3V7U6CZ,A3KK8AC3V7U6CZ,1,1,1,1,3,3,4,4,"2019-06-25 01:15:46","2019-06-25 01:15:46",0,0,5,5
39,39,A23KNYW5XJ9FKD,A23KNYW5XJ9FKD,3,3,,,,,,,"2019-06-25 01:41:09","2019-06-25 01:41:09",0,0,1,1
40,40,A1D0MQX51WOV57,A1D0MQX51WOV57,1,1,2,2,,,,,"2019-06-25 01:48:07","2019-06-25 01:48:07",0,0,5,5
41,41,A1V5E5D0BNLYHM,A1V5E5D0BNLYHM,1,1,4,4,2,2,2,2,"2019-06-25 01:51:23","2019-06-25 01:51:23",0,0,5,5
42,42,A96YBI2S0U9RV,A96YBI2S0U9RV,2,2,,,6,6,1,1,"2019-06-25 02:46:21","2019-06-25 02:46:21",0,0,5,5
43,43,A24IVERHCL36M8,A24IVERHCL36M8,1,1,,,,,,,"2019-06-25 02:56:20","2019-06-25 02:56:20",0,0,5,5
44,44,A1FQG60UVQI8BR,A1FQG60UVQI8BR,1,1,,,7,7,3,3,"2019-06-25 03:02:47","2019-06-25 03:02:47",0,0,5,5
45,45,A1WYGTT2ZLGFH1,A1WYGTT2ZLGFH1,1,1,2,2,,,,,"2019-06-25 03:22:23","2019-06-25 03:22:23",0,0,5,5
46,46,A1OKBY77OUBNHL,A1OKBY77OUBNHL,,,2,2,,,,,"2019-06-25 04:13:26","2019-06-25 04:13:26",0,0,5,5
47,47,AH5YG8UZ848Z4,AH5YG8UZ848Z4,1,1,2,2,1,1,3,3,"2019-06-25 04:42:18","2019-06-25 04:42:18",0,0,5,5
48,48,AWB4PLG89V8HB,AWB4PLG89V8HB,1,1,1,1,3,3,4,4,"2019-06-25 05:16:27","2019-06-25 05:16:27",0,0,5,5
49,49,AIP4QLDLZ3E5A,AIP4QLDLZ3E5A,3,3,2,2,2,2,1,1,"2019-06-25 06:20:59","2019-06-25 06:20:59",0,0,5,5
50,50,AZ9T4UWELND5V,AZ9T4UWELND5V,1,1,,,,,,,"2019-06-25 06:58:58","2019-06-25 06:58:58",0,0,1,1
51,51,A1JC5HKL4T0YG7,A1JC5HKL4T0YG7,,,,,,,,,"2019-06-25 07:42:01","2019-06-25 07:42:01",0,0,5,5
52,52,no,no,1,1,2,2,2,2,3,3,"2019-06-25 08:33:51","2019-06-25 08:33:51",0,0,5,5
53,53,A8D3UQYYSWVYM,A8D3UQYYSWVYM,1,1,2,2,1,1,4,4,"2019-06-25 08:36:33","2019-06-25 08:36:33",0,0,5,5
54,54,A3VRR7TNM21CQZ,A3VRR7TNM21CQZ,1,1,1,1,1,1,3,3,"2019-06-25 08:50:43","2019-06-25 08:50:43",0,0,5,5
55,55,ATT3V8SFXJGU,ATT3V8SFXJGU,2,2,,,,,,,"2019-06-25 09:11:47","2019-06-25 09:11:47",0,0,5,5
56,56,A1UYK7SUH7SQ6W,A1UYK7SUH7SQ6W,3,3,2,2,,,,,"2019-06-25 11:35:16","2019-06-25 11:35:16",0,0,5,5
57,57,A1UYK7SUH7SQ6W,A1UYK7SUH7SQ6W,3,3,4,4,2,2,,,"2019-06-25 11:36:51","2019-06-25 11:36:51",0,0,5,5
58,58,A3PWMS9PPF3DC9,A3PWMS9PPF3DC9,1,1,2,2,,,4,4,"2019-06-25 11:59:16","2019-06-25 11:59:16",0,0,5,5
59,59,yo,yo,1,1,2,2,3,3,4,4,"2019-08-16 20:00:17","2019-08-16 20:00:17",0,0,1,1
60,60,yo2,yo2,3,3,3,3,6,6,2,2,"2019-08-17 17:27:59","2019-08-17 17:27:59",123,123,21,21
61,61,yo3,yo3,3,3,4,4,5,5,1,1,"2019-08-17 17:33:22","2019-08-17 17:33:22",123,123,31,31
62,62,yo4,yo4,1,1,1,1,1,1,1,1,"2019-08-17 17:38:31","2019-08-17 17:38:31",123,123,41,41
63,63,A1W89GXH3DEF23,A1W89GXH3DEF23,2,2,3,3,5,5,3,3,"2019-08-17 18:20:07","2019-08-17 18:20:07",123,123,21,21
64,64,A2LKSQ2QLWGH9K,A2LKSQ2QLWGH9K,1,1,1,1,3,3,,,"2019-08-17 18:23:18","2019-08-17 18:23:18",123,123,41,41
65,65,A35HP4O42TDQAQ,A35HP4O42TDQAQ,2,2,2,2,7,7,4,4,"2019-08-17 18:23:29","2019-08-17 18:23:29",123,123,21,21
66,66,A1YE98BQ5QRE6X,A1YE98BQ5QRE6X,1,1,,,2,2,4,4,"2019-08-17 18:27:01","2019-08-17 18:27:01",123,123,31,31
67,67,A172PX0FM3WKLR,A172PX0FM3WKLR,3,3,3,3,7,7,4,4,"2019-08-17 18:29:26","2019-08-17 18:29:26",123,123,41,41
68,68,A11W6Z0AFXSJ6C,A11W6Z0AFXSJ6C,1,1,2,2,,,,,"2019-08-17 18:30:00","2019-08-17 18:30:00",123,123,41,41
69,69,A16IUSDJEU9MWL,A16IUSDJEU9MWL,3,3,,,2,2,,,"2019-08-17 18:33:19","2019-08-17 18:33:19",123,123,21,21
70,70,A16IUSDJEU9MWL,A16IUSDJEU9MWL,3,3,2,2,2,2,1,1,"2019-08-17 18:33:51","2019-08-17 18:33:51",123,123,21,21
71,71,A11W6Z0AFXSJ6C,A11W6Z0AFXSJ6C,1,1,1,1,2,2,3,3,"2019-08-17 18:34:42","2019-08-17 18:34:42",123,123,41,41
72,72,A1KCKKMDKHADNC,A1KCKKMDKHADNC,1,1,,,,,,,"2019-08-17 18:35:31","2019-08-17 18:35:31",123,123,31,31
73,73,A1KCKKMDKHADNC,A1KCKKMDKHADNC,1,1,,,4,4,1,1,"2019-08-17 18:36:11","2019-08-17 18:36:11",123,123,31,31
74,74,AXID3RPK6NZT6,AXID3RPK6NZT6,1,1,2,2,6,6,1,1,"2019-08-17 18:40:14","2019-08-17 18:40:14",123,123,21,21
75,75,AEQ0FXD00UB2Z,AEQ0FXD00UB2Z,2,2,2,2,2,2,3,3,"2019-08-17 18:53:17","2019-08-17 18:53:17",123,123,41,41
76,76,AUZUHON52J10U,AUZUHON52J10U,1,1,,,5,5,,,"2019-08-17 18:56:15","2019-08-17 18:56:15",123,123,41,41
77,77,AUZUHON52J10U,AUZUHON52J10U,1,1,1,1,6,6,4,4,"2019-08-17 18:57:40","2019-08-17 18:57:40",123,123,41,41
78,78,A3C8ZNF3VB5PA1,A3C8ZNF3VB5PA1,2,2,4,4,2,2,3,3,"2019-08-17 19:18:17","2019-08-17 19:18:17",123,123,41,41
79,79,A13X3J8SIYBVWI,A13X3J8SIYBVWI,1,1,2,2,1,1,2,2,"2019-08-17 19:18:36","2019-08-17 19:18:36",123,123,31,31
80,80,A29HORM8VKJ6O0,A29HORM8VKJ6O0,2,2,3,3,4,4,4,4,"2019-08-17 19:31:07","2019-08-17 19:31:07",123,123,21,21
81,81,A2SUEKUXDG7IJ6,A2SUEKUXDG7IJ6,1,1,3,3,1,1,3,3,"2019-08-17 19:33:50","2019-08-17 19:33:50",123,123,31,31
82,82,A2SUEKUXDG7IJ6,A2SUEKUXDG7IJ6,1,1,3,3,1,1,3,3,"2019-08-17 19:34:51","2019-08-17 19:34:51",123,123,31,31
83,83,A2JRUPX8NNMAI2,A2JRUPX8NNMAI2,2,2,1,1,,,2,2,"2019-08-17 19:40:43","2019-08-17 19:40:43",123,123,31,31
84,84,A71LNIRT2KCKP,A71LNIRT2KCKP,1,1,3,3,1,1,3,3,"2019-08-17 19:41:40","2019-08-17 19:41:40",123,123,41,41
85,85,A1VKZJ3CBBK206,A1VKZJ3CBBK206,2,2,2,2,3,3,1,1,"2019-08-17 19:42:40","2019-08-17 19:42:40",123,123,21,21
86,86," A24NYP336X0LCJ"," A24NYP336X0LCJ",1,1,3,3,7,7,1,1,"2019-08-17 19:45:23","2019-08-17 19:45:23",123,123,21,21
87,87,A1VKZJ3CBBK206,A1VKZJ3CBBK206,2,2,2,2,3,3,1,1,"2019-08-17 19:46:39","2019-08-17 19:46:39",123,123,21,21
88,88,A24NYP336X0LCJ,A24NYP336X0LCJ,1,1,4,4,,,1,1,"2019-08-17 19:47:46","2019-08-17 19:47:46",123,123,21,21
89,89,A1VKZJ3CBBK206,A1VKZJ3CBBK206,2,2,2,2,3,3,1,1,"2019-08-17 19:49:41","2019-08-17 19:49:41",123,123,21,21
90,90,A1VKZJ3CBBK206,A1VKZJ3CBBK206,2,2,2,2,3,3,2,2,"2019-08-17 19:49:48","2019-08-17 19:49:48",123,123,21,21
91,91,A29HORM8VKJ6O0,A29HORM8VKJ6O0,2,2,3,3,4,4,4,4,"2019-08-17 19:50:30","2019-08-17 19:50:30",123,123,41,41
92,92,A29HORM8VKJ6O0,A29HORM8VKJ6O0,2,2,3,3,4,4,4,4,"2019-08-17 19:51:59","2019-08-17 19:51:59",123,123,31,31
93,93,AYWZ3UX4VTNF5,AYWZ3UX4VTNF5,2,2,3,3,,,,,"2019-08-17 20:11:16","2019-08-17 20:11:16",123,123,41,41
94,94,A2L3BRCUIILH4X,A2L3BRCUIILH4X,3,3,,,,,,,"2019-08-17 20:13:19","2019-08-17 20:13:19",123,123,41,41
95,95,A1VKZJ3CBBK206,A1VKZJ3CBBK206,2,2,2,2,3,3,2,2,"2019-08-17 20:16:44","2019-08-17 20:16:44",123,123,41,41
96,96,A1LTZXI26481HO,A1LTZXI26481HO,1,1,,,,,1,1,"2019-08-17 20:23:40","2019-08-17 20:23:40",123,123,21,21
97,97,A27QIBL4MO6Z0X,A27QIBL4MO6Z0X,1,1,1,1,2,2,4,4,"2019-08-17 20:28:08","2019-08-17 20:28:08",123,123,21,21
98,98,A1IWKM5YEXWB5H,A1IWKM5YEXWB5H,2,2,,,2,2,,,"2019-08-17 20:36:09","2019-08-17 20:36:09",123,123,21,21
99,99,AQMIT4AYRUK86,AQMIT4AYRUK86,2,2,2,2,3,3,,,"2019-08-17 20:41:45","2019-08-17 20:41:45",123,123,41,41
100,100,A32INQRE2R6MNP,A32INQRE2R6MNP,2,2,,,,,,,"2019-08-17 21:11:46","2019-08-17 21:11:46",123,123,41,41
101,101,A3AYBSE0KUKC2E,A3AYBSE0KUKC2E,1,1,3,3,2,2,3,3,"2019-08-17 21:14:20","2019-08-17 21:14:20",123,123,41,41
102,102,A3AYBSE0KUKC2E,A3AYBSE0KUKC2E,1,1,3,3,2,2,3,3,"2019-08-17 21:17:16","2019-08-17 21:17:16",123,123,41,41
103,103,A3AYBSE0KUKC2E,A3AYBSE0KUKC2E,1,1,3,3,2,2,3,3,"2019-08-17 21:19:29","2019-08-17 21:19:29",123,123,41,41
104,104,A1WAWEY2810TFN,A1WAWEY2810TFN,1,1,3,3,4,4,4,4,"2019-08-17 21:47:24","2019-08-17 21:47:24",123,123,31,31
105,105,A27P16LFLZGFPR,A27P16LFLZGFPR,1,1,,,,,,,"2019-08-17 22:19:15","2019-08-17 22:19:15",123,123,31,31
106,106,A2HKZCI32I319G,A2HKZCI32I319G,2,2,2,2,2,2,1,1,"2019-08-17 22:34:37","2019-08-17 22:34:37",123,123,31,31
107,107,A2QJNGKLAIMMAZ,A2QJNGKLAIMMAZ,2,2,2,2,2,2,4,4,"2019-08-17 22:58:43","2019-08-17 22:58:43",123,123,21,21
108,108," W4PI-MTK-S03-SRE123A27P16LFLZGFPR"," W4PI-MTK-S03-SRE123A27P16LFLZGFPR",,,,,1,1,,,"2019-08-17 23:12:13","2019-08-17 23:12:13",123,123,41,41
109,109,AIP4QLDLZ3E5A,AIP4QLDLZ3E5A,1,1,,,,,,,"2019-08-17 23:19:55","2019-08-17 23:19:55",123,123,41,41
110,110,A11BS3GFM9T4FJ,A11BS3GFM9T4FJ,2,2,2,2,2,2,2,2,"2019-08-17 23:22:21","2019-08-17 23:22:21",123,123,41,41
111,111,A11BS3GFM9T4FJ,A11BS3GFM9T4FJ,2,2,2,2,2,2,2,2,"2019-08-17 23:33:59","2019-08-17 23:33:59",123,123,41,41
112,112,A3DUPM4SSY7AT5,A3DUPM4SSY7AT5,1,1,1,1,2,2,,,"2019-08-18 02:10:05","2019-08-18 02:10:05",123,123,41,41
113,113,A3RCSO052XFJJJ,A3RCSO052XFJJJ,1,1,2,2,2,2,2,2,"2019-08-18 05:18:29","2019-08-18 05:18:29",123,123,41,41
114,114," COPIEDA2DAI5W9S1ET6H"," COPIEDA2DAI5W9S1ET6H",1,1,2,2,1,1,4,4,"2019-08-18 22:08:14","2019-08-18 22:08:14",123,123,131,131
115,115,A382IT3BF1UWLB,A382IT3BF1UWLB,1,1,1,1,2,2,,,"2019-08-18 22:10:20","2019-08-18 22:10:20",123,123,121,121
116,116,A2Z61PDUC6NCLT,A2Z61PDUC6NCLT,1,1,2,2,1,1,2,2,"2019-08-18 22:10:58","2019-08-18 22:10:58",123,123,141,141
117,117,A2QJNGKLAIMMAZ,A2QJNGKLAIMMAZ,2,2,2,2,2,2,4,4,"2019-08-18 22:12:03","2019-08-18 22:12:03",123,123,141,141
118,118,A1ST2X15PC6CE8,A1ST2X15PC6CE8,1,1,,,,,,,"2019-08-18 22:16:07","2019-08-18 22:16:07",123,123,141,141
119,119,AJX4ES1WIICR5,AJX4ES1WIICR5,1,1,,,,,,,"2019-08-18 22:24:51","2019-08-18 22:24:51",123,123,131,131
120,120,A1ST2X15PC6CE8,A1ST2X15PC6CE8,2,2,2,2,,,4,4,"2019-08-18 22:29:15","2019-08-18 22:29:15",123,123,131,131
121,121,A382IT3BF1UWLB,A382IT3BF1UWLB,1,1,1,1,2,2,4,4,"2019-08-18 22:34:07","2019-08-18 22:34:07",123,123,131,131
122,122,A1ST2X15PC6CE8,A1ST2X15PC6CE8,2,2,,,,,,,"2019-08-18 22:38:36","2019-08-18 22:38:36",123,123,121,121
123,123,A2U4LDPZF2P7BY,A2U4LDPZF2P7BY,1,1,2,2,2,2,3,3,"2019-08-18 22:39:09","2019-08-18 22:39:09",123,123,141,141
124,124,A382IT3BF1UWLB,A382IT3BF1UWLB,,,,,,,,,"2019-08-18 22:41:24","2019-08-18 22:41:24",123,123,121,121
125,125,A27P16LFLZGFPR,A27P16LFLZGFPR,,,,,,,,,"2019-08-18 22:46:14","2019-08-18 22:46:14",123,123,131,131
126,126,AXID3RPK6NZT6,AXID3RPK6NZT6,1,1,2,2,6,6,1,1,"2019-08-18 22:47:42","2019-08-18 22:47:42",123,123,121,121
127,127,AXID3RPK6NZT6,AXID3RPK6NZT6,1,1,2,2,6,6,1,1,"2019-08-18 22:48:44","2019-08-18 22:48:44",123,123,141,141
128,128," COPIEDA2DAI5W9S1ET6H"," COPIEDA2DAI5W9S1ET6H",,,,,,,,,"2019-08-18 23:00:17","2019-08-18 23:00:17",123,123,141,141
129,129,A2L3BRCUIILH4X,A2L3BRCUIILH4X,,,,,,,,,"2019-08-18 23:01:42","2019-08-18 23:01:42",123,123,121,121
130,130,AYANXOKRFW1ZD,AYANXOKRFW1ZD,1,1,2,2,1,1,4,4,"2019-08-18 23:08:07","2019-08-18 23:08:07",123,123,121,121
131,131,A27QIBL4MO6Z0X,A27QIBL4MO6Z0X,1,1,1,1,2,2,4,4,"2019-08-18 23:11:25","2019-08-18 23:11:25",123,123,141,141
132,132,AYANXOKRFW1ZD,AYANXOKRFW1ZD,1,1,2,2,1,1,4,4,"2019-08-18 23:25:33","2019-08-18 23:25:33",123,123,141,141
133,133,A3ATOX7LR6RKZA,A3ATOX7LR6RKZA,1,1,3,3,4,4,2,2,"2019-08-18 23:30:32","2019-08-18 23:30:32",123,123,141,141
134,134,A3ATOX7LR6RKZA,A3ATOX7LR6RKZA,1,1,,,,,,,"2019-08-18 23:31:14","2019-08-18 23:31:14",123,123,141,141
135,135,A3ATOX7LR6RKZA,A3ATOX7LR6RKZA,,,,,,,,,"2019-08-18 23:34:43","2019-08-18 23:34:43",123,123,131,131
136,136,A39K5DFHK6FCQH,A39K5DFHK6FCQH,1,1,1,1,2,2,3,3,"2019-08-18 23:50:25","2019-08-18 23:50:25",123,123,141,141
137,137,A1LTZXI26481HO,A1LTZXI26481HO,2,2,,,,,,,"2019-08-19 00:18:16","2019-08-19 00:18:16",123,123,121,121
138,138,A2L3BRCUIILH4X,A2L3BRCUIILH4X,,,,,,,,,"2019-08-19 00:30:13","2019-08-19 00:30:13",123,123,131,131
139,139,A2I3D7L2IAHHOL,A2I3D7L2IAHHOL,,,,,,,,,"2019-08-19 00:30:17","2019-08-19 00:30:17",123,123,131,131
140,140,A16IUSDJEU9MWL,A16IUSDJEU9MWL,3,3,3,3,1,1,1,1,"2019-08-19 00:45:53","2019-08-19 00:45:53",123,123,131,131
141,141,A2I3D7L2IAHHOL,A2I3D7L2IAHHOL,,,,,,,,,"2019-08-19 00:58:02","2019-08-19 00:58:02",123,123,131,131
142,142,A3DUPM4SSY7AT5,A3DUPM4SSY7AT5,1,1,,,1,1,3,3,"2019-08-19 01:40:43","2019-08-19 01:40:43",123,123,131,131
143,143,A3DUPM4SSY7AT5,A3DUPM4SSY7AT5,,,,,,,,,"2019-08-19 01:43:46","2019-08-19 01:43:46",123,123,121,121
144,144,AXMCEU9YWYSGH,AXMCEU9YWYSGH,3,3,2,2,,,2,2,"2019-08-19 01:53:40","2019-08-19 01:53:40",123,123,121,121
145,145,A35Q0ZG3C7ZFP,A35Q0ZG3C7ZFP,2,2,2,2,3,3,4,4,"2019-08-19 02:01:51","2019-08-19 02:01:51",123,123,121,121
146,146,A35Q0ZG3C7ZFP,A35Q0ZG3C7ZFP,2,2,,,,,4,4,"2019-08-19 02:04:43","2019-08-19 02:04:43",123,123,121,121
147,147,A35UN7D0NCA0NA,A35UN7D0NCA0NA,2,2,2,2,2,2,2,2,"2019-08-19 02:21:04","2019-08-19 02:21:04",123,123,121,121
148,148,A3V0E6DXN7G2L8,A3V0E6DXN7G2L8,1,1,2,2,1,1,3,3,"2019-08-19 02:24:28","2019-08-19 02:24:28",123,123,131,131
149,149,A35Q0ZG3C7ZFP,A35Q0ZG3C7ZFP,,,,,,,,,"2019-08-19 02:25:51","2019-08-19 02:25:51",123,123,141,141
150,150,A2I3D7L2IAHHOL,A2I3D7L2IAHHOL,,,,,,,,,"2019-08-19 02:27:13","2019-08-19 02:27:13",123,123,141,141
151,151,A3V0E6DXN7G2L8,A3V0E6DXN7G2L8,1,1,2,2,1,1,3,3,"2019-08-19 02:32:39","2019-08-19 02:32:39",123,123,121,121
152,152,A2L3BRCUIILH4X,A2L3BRCUIILH4X,,,,,,,,,"2019-08-19 02:43:30","2019-08-19 02:43:30",123,123,131,131
153,153,AENGDOS693JKO,AENGDOS693JKO,1,1,,,,,,,"2019-08-19 03:26:25","2019-08-19 03:26:25",123,123,131,131
154,154,a3avffr73u39yp,a3avffr73u39yp,2,2,2,2,2,2,1,1,"2019-08-19 03:35:56","2019-08-19 03:35:56",123,123,141,141
155,155,AFXH4S8PGNQB0,AFXH4S8PGNQB0,2,2,1,1,,,,,"2019-08-19 04:01:14","2019-08-19 04:01:14",123,123,121,121
156,156,AENGDOS693JKO,AENGDOS693JKO,1,1,,,,,,,"2019-08-19 04:22:15","2019-08-19 04:22:15",123,123,121,121
157,157,a3avffr73u39yp,a3avffr73u39yp,2,2,2,2,2,2,1,1,"2019-08-19 04:26:34","2019-08-19 04:26:34",123,123,131,131
158,158,A3GU1JODY168LO,A3GU1JODY168LO,2,2,2,2,5,5,3,3,"2019-08-19 04:28:40","2019-08-19 04:28:40",123,123,121,121
159,159,a3avffr73u39yp,a3avffr73u39yp,2,2,2,2,2,2,1,1,"2019-08-19 04:34:28","2019-08-19 04:34:28",123,123,121,121
160,160,A1B4477M694JWH,A1B4477M694JWH,1,1,3,3,1,1,1,1,"2019-08-19 05:02:48","2019-08-19 05:02:48",123,123,131,131
161,161," COPIEDA13QJNRZBYBXUX"," COPIEDA13QJNRZBYBXUX",1,1,1,1,2,2,4,4,"2019-08-19 05:57:15","2019-08-19 05:57:15",123,123,131,131
162,162,A13QJNRZBYBXUX,A13QJNRZBYBXUX,1,1,1,1,2,2,4,4,"2019-08-19 06:05:58","2019-08-19 06:05:58",123,123,121,121
163,163,AIP4QLDLZ3E5A,AIP4QLDLZ3E5A,1,1,,,,,,,"2019-08-19 06:23:13","2019-08-19 06:23:13",123,123,121,121
164,164,A2TZH3L7RO6RFS,A2TZH3L7RO6RFS,2,2,2,2,2,2,3,3,"2019-08-19 08:13:56","2019-08-19 08:13:56",123,123,121,121
165,165,A11W6Z0AFXSJ6C,A11W6Z0AFXSJ6C,1,1,,,,,,,"2019-08-19 10:05:02","2019-08-19 10:05:02",123,123,141,141
166,166,A1BCP23KLOTJ0F,A1BCP23KLOTJ0F,1,1,1,1,2,2,,,"2019-08-19 10:59:26","2019-08-19 10:59:26",123,123,121,121
167,167,AW8ZTARYROEN5,AW8ZTARYROEN5,2,2,2,2,6,6,2,2,"2019-08-19 11:53:21","2019-08-19 11:53:21",123,123,141,141
168,168,A31LCNCQS2AJR2,A31LCNCQS2AJR2,1,1,2,2,3,3,3,3,"2019-08-19 12:22:35","2019-08-19 12:22:35",123,123,141,141
169,169,A1WQ6L249FECB1,A1WQ6L249FECB1,2,2,1,1,,,,,"2019-08-19 15:35:45","2019-08-19 15:35:45",123,123,121,121
170,170,A5Z6FXM5CB4I7,A5Z6FXM5CB4I7,1,1,2,2,,,,,"2019-08-19 15:48:06","2019-08-19 15:48:06",123,123,121,121
171,171,A5Z6FXM5CB4I7,A5Z6FXM5CB4I7,2,2,,,,,,,"2019-08-19 15:48:30","2019-08-19 15:48:30",123,123,121,121
172,172,A20QIK6A7IYV2M,A20QIK6A7IYV2M,1,1,2,2,3,3,4,4,"2019-08-19 18:58:46","2019-08-19 18:58:46",123,123,121,121
173,173,ALGB86KMTS40N,ALGB86KMTS40N,2,2,,,,,,,"2019-08-19 22:17:06","2019-08-19 22:17:06",123,123,121,121
174,174,AICFRX1VZ9Q91,AICFRX1VZ9Q91,1,1,2,2,2,2,2,2,"2019-08-19 23:29:06","2019-08-19 23:29:06",123,123,121,121
175,175,A20MS0C8F8SO9A,A20MS0C8F8SO9A,3,3,1,1,4,4,3,3,"2019-08-20 08:58:06","2019-08-20 08:58:06",123,123,121,121
176,176,AEV815WVDIAJQ,AEV815WVDIAJQ,1,1,1,1,1,1,4,4,"2019-08-20 09:16:51","2019-08-20 09:16:51",123,123,121,121
177,177,Fer,Fer,1,1,2,2,5,5,1,1,"2019-08-21 17:10:07","2019-08-21 17:10:07",123,123,141,141
178,178,yo,yo,,,,,,,,,"2019-08-21 17:19:58","2019-08-21 17:19:58",123,123,21,21
179,179,A35Q0ZG3C7ZFP,A35Q0ZG3C7ZFP,,,,,,,,,"2019-08-21 17:28:16","2019-08-21 17:28:16",123,123,41,41
180,180,A2T63C3AQSLSGA,A2T63C3AQSLSGA,3,3,1,1,3,3,4,4,"2019-08-21 17:29:40","2019-08-21 17:29:40",123,123,41,41
181,181,A1JO4Z8LY6IDKB,A1JO4Z8LY6IDKB,2,2,2,2,,,,,"2019-08-21 17:31:30","2019-08-21 17:31:30",123,123,21,21
182,182,A208SQNN3F76S2,A208SQNN3F76S2,1,1,2,2,2,2,2,2,"2019-08-21 17:32:03","2019-08-21 17:32:03",123,123,21,21
183,183,A28WT1PRVQOM42,A28WT1PRVQOM42,2,2,4,4,2,2,4,4,"2019-08-21 17:36:40","2019-08-21 17:36:40",123,123,41,41
184,184,A27GFCR0ET8WVG,A27GFCR0ET8WVG,2,2,,,,,,,"2019-08-21 17:37:22","2019-08-21 17:37:22",123,123,41,41
185,185,A27GFCR0ET8WVG,A27GFCR0ET8WVG,1,1,,,3,3,,,"2019-08-21 17:37:31","2019-08-21 17:37:31",123,123,41,41
186,186,A2T63C3AQSLSGA,A2T63C3AQSLSGA,3,3,1,1,3,3,4,4,"2019-08-21 17:38:21","2019-08-21 17:38:21",123,123,31,31
187,187,AYANXOKRFW1ZD,AYANXOKRFW1ZD,1,1,2,2,1,1,4,4,"2019-08-21 17:38:26","2019-08-21 17:38:26",123,123,21,21
188,188,AYANXOKRFW1ZD,AYANXOKRFW1ZD,1,1,2,2,1,1,4,4,"2019-08-21 17:40:11","2019-08-21 17:40:11",123,123,21,21
189,189,AXBFJUI5IFJX2,AXBFJUI5IFJX2,1,1,2,2,,,2,2,"2019-08-21 17:40:52","2019-08-21 17:40:52",123,123,41,41
190,190,A2T63C3AQSLSGA,A2T63C3AQSLSGA,3,3,1,1,3,3,4,4,"2019-08-21 17:43:12","2019-08-21 17:43:12",123,123,21,21
191,191,A25RJ54AHZGDOO,A25RJ54AHZGDOO,1,1,2,2,6,6,4,4,"2019-08-21 17:43:25","2019-08-21 17:43:25",123,123,41,41
192,192,A208SQNN3F76S2,A208SQNN3F76S2,3,3,,,,,1,1,"2019-08-21 17:44:54","2019-08-21 17:44:54",123,123,21,21
193,193,A11MT3MTFDDRR9,A11MT3MTFDDRR9,1,1,1,1,1,1,,,"2019-08-21 17:47:36","2019-08-21 17:47:36",123,123,21,21
194,194,A29HORM8VKJ6O0,A29HORM8VKJ6O0,1,1,3,3,4,4,4,4,"2019-08-21 17:55:08","2019-08-21 17:55:08",123,123,21,21
195,195,A11MT3MTFDDRR9,A11MT3MTFDDRR9,,,,,,,,,"2019-08-21 17:55:54","2019-08-21 17:55:54",123,123,21,21
196,196,A300NSYGWVGOMM,A300NSYGWVGOMM,2,2,3,3,,,4,4,"2019-08-21 17:59:48","2019-08-21 17:59:48",123,123,21,21
197,197,A25RJ54AHZGDOO,A25RJ54AHZGDOO,1,1,2,2,6,6,4,4,"2019-08-21 18:08:02","2019-08-21 18:08:02",123,123,21,21
198,198,A1VIAHZ5BR79G9,A1VIAHZ5BR79G9,1,1,3,3,,,,,"2019-08-21 18:08:28","2019-08-21 18:08:28",123,123,21,21
199,199,A2HC04434S9TP0,A2HC04434S9TP0,2,2,1,1,,,1,1,"2019-08-21 18:09:04","2019-08-21 18:09:04",123,123,31,31
200,200,AT0FMX0TMDC03,AT0FMX0TMDC03,1,1,2,2,8,8,1,1,"2019-08-21 18:09:22","2019-08-21 18:09:22",123,123,41,41
201,201,A29HORM8VKJ6O0,A29HORM8VKJ6O0,2,2,3,3,4,4,4,4,"2019-08-21 18:10:18","2019-08-21 18:10:18",123,123,41,41
202,202,A3IGX9S92GTNMI,A3IGX9S92GTNMI,2,2,2,2,2,2,1,1,"2019-08-21 18:13:36","2019-08-21 18:13:36",123,123,41,41
203,203,A7Y524016WTCJ,A7Y524016WTCJ,1,1,2,2,5,5,4,4,"2019-08-21 18:13:37","2019-08-21 18:13:37",123,123,41,41
204,204,A3TRV99STQZBZ9,A3TRV99STQZBZ9,2,2,,,1,1,,,"2019-08-21 18:22:37","2019-08-21 18:22:37",123,123,41,41
205,205,A5Z6FXM5CB4I7,A5Z6FXM5CB4I7,1,1,,,,,,,"2019-08-21 18:23:41","2019-08-21 18:23:41",123,123,31,31
206,206,A24MHO7W38BYP8,A24MHO7W38BYP8,3,3,4,4,,,,,"2019-08-21 18:25:55","2019-08-21 18:25:55",123,123,41,41
207,207,A24MHO7W38BYP8,A24MHO7W38BYP8,3,3,2,2,3,3,4,4,"2019-08-21 18:26:25","2019-08-21 18:26:25",123,123,41,41
208,208,A34GAZW7WFPOMU,A34GAZW7WFPOMU,2,2,,,,,,,"2019-08-21 18:38:03","2019-08-21 18:38:03",123,123,41,41
209,209,A34GAZW7WFPOMU,A34GAZW7WFPOMU,2,2,,,,,,,"2019-08-21 18:40:25","2019-08-21 18:40:25",123,123,41,41
210,210,A34GAZW7WFPOMU,A34GAZW7WFPOMU,,,,,,,,,"2019-08-21 18:49:05","2019-08-21 18:49:05",123,123,31,31
211,211,A3T8E8EB9HUYOS,A3T8E8EB9HUYOS,1,1,1,1,,,,,"2019-08-21 18:53:36","2019-08-21 18:53:36",123,123,31,31
212,212,A3T8E8EB9HUYOS,A3T8E8EB9HUYOS,,,2,2,,,4,4,"2019-08-21 18:58:06","2019-08-21 18:58:06",123,123,31,31
213,213,A25RJ54AHZGDOO,A25RJ54AHZGDOO,1,1,2,2,6,6,4,4,"2019-08-21 19:02:55","2019-08-21 19:02:55",123,123,31,31
214,214,ATP40FOEOH3O2,ATP40FOEOH3O2,2,2,1,1,2,2,4,4,"2019-08-21 19:21:43","2019-08-21 19:21:43",123,123,31,31
215,215,A12KYR4MHARIK7,A12KYR4MHARIK7,2,2,,,,,,,"2019-08-21 19:23:23","2019-08-21 19:23:23",123,123,31,31
216,216,ARYZT0RO8N5P1,ARYZT0RO8N5P1,1,1,,,,,2,2,"2019-08-21 19:49:03","2019-08-21 19:49:03",123,123,21,21
217,217,A27P16LFLZGFPR,A27P16LFLZGFPR,,,,,,,,,"2019-08-21 20:26:19","2019-08-21 20:26:19",123,123,21,21
218,218,COPIEDA3QUNHOJCSQDXX,COPIEDA3QUNHOJCSQDXX,2,2,2,2,4,4,4,4,"2019-08-21 21:13:23","2019-08-21 21:13:23",123,123,41,41
219,219,A3C12N7NMPX4VE,A3C12N7NMPX4VE,1,1,2,2,2,2,4,4,"2019-08-21 21:35:21","2019-08-21 21:35:21",123,123,41,41
220,220,COPIEDA2WG63TQT4LVPG,COPIEDA2WG63TQT4LVPG,2,2,1,1,2,2,3,3,"2019-08-21 21:38:54","2019-08-21 21:38:54",123,123,41,41
221,221,A382IT3BF1UWLB,A382IT3BF1UWLB,,,,,,,,,"2019-08-21 22:29:15","2019-08-21 22:29:15",123,123,31,31
222,222,AUN1LGCVAUMIK,AUN1LGCVAUMIK,2,2,1,1,4,4,3,3,"2019-08-21 22:34:04","2019-08-21 22:34:04",123,123,31,31
223,223,A27QIBL4MO6Z0X,A27QIBL4MO6Z0X,1,1,1,1,2,2,4,4,"2019-08-21 22:51:29","2019-08-21 22:51:29",123,123,31,31
224,224,l2w2c2,l2w2c2,,,,,,,,,"2019-08-26 13:43:53","2019-08-26 13:43:53",123,123,22,22
225,225,l2w2t,l2w2t,,,,,,,,,"2019-08-26 14:09:06","2019-08-26 14:09:06",123,123,121,121
226,226,l2w3t,l2w3t,,,,,,,,,"2019-08-26 14:13:49","2019-08-26 14:13:49",123,123,121,121
227,227,l3w2c,l3w2c,,,,,,,,,"2019-08-26 14:18:02","2019-08-26 14:18:02",123,123,32,32
228,228,l3w3c,l3w3c,,,,,,,,,"2019-08-26 14:27:01","2019-08-26 14:27:01",123,123,33,33
229,229,l4w2c,l4w2c,,,,,,,,,"2019-08-26 14:30:00","2019-08-26 14:30:00",123,123,43,43
230,230,l4w3c,l4w3c,3,3,4,4,8,8,4,4,"2019-08-26 14:44:25","2019-08-26 14:44:25",123,123,43,43
231,231,A29HORM8VKJ6O0,A29HORM8VKJ6O0,2,2,3,3,4,4,4,4,"2019-08-26 15:16:56","2019-08-26 15:16:56",123,123,22,22
232,232,A1I8EWT2DMNAKU,A1I8EWT2DMNAKU,1,1,1,1,2,2,2,2,"2019-08-26 15:20:20","2019-08-26 15:20:20",123,123,42,42
233,233,A3ATOX7LR6RKZA,A3ATOX7LR6RKZA,1,1,2,2,2,2,1,1,"2019-08-26 15:22:45","2019-08-26 15:22:45",123,123,43,43
234,234,A1OKB37HUEJVHT,A1OKB37HUEJVHT,1,1,,,,,,,"2019-08-26 15:28:15","2019-08-26 15:28:15",123,123,43,43
235,235,A1OKB37HUEJVHT,A1OKB37HUEJVHT,3,3,1,1,,,,,"2019-08-26 15:28:26","2019-08-26 15:28:26",123,123,43,43
236,236,A1OKB37HUEJVHT,A1OKB37HUEJVHT,3,3,4,4,,,,,"2019-08-26 15:30:07","2019-08-26 15:30:07",123,123,22,22
237,237,A29HORM8VKJ6O0,A29HORM8VKJ6O0,2,2,3,3,4,4,4,4,"2019-08-26 15:30:45","2019-08-26 15:30:45",123,123,23,23
238,238,A398EWYF8HJEDA,A398EWYF8HJEDA,,,,,,,,,"2019-08-26 15:33:20","2019-08-26 15:33:20",123,123,43,43
239,239,A398EWYF8HJEDA,A398EWYF8HJEDA,,,,,5,5,,,"2019-08-26 15:33:59","2019-08-26 15:33:59",123,123,43,43
240,240,A398EWYF8HJEDA,A398EWYF8HJEDA,,,,,,,,,"2019-08-26 15:34:18","2019-08-26 15:34:18",123,123,43,43
241,241,AUZUHON52J10U,AUZUHON52J10U,1,1,1,1,6,6,4,4,"2019-08-26 15:35:28","2019-08-26 15:35:28",123,123,43,43
242,242,AXID3RPK6NZT6,AXID3RPK6NZT6,1,1,2,2,6,6,2,2,"2019-08-26 15:45:36","2019-08-26 15:45:36",123,123,43,43
243,243,A11W6Z0AFXSJ6C,A11W6Z0AFXSJ6C,1,1,2,2,1,1,,,"2019-08-26 15:47:49","2019-08-26 15:47:49",123,123,22,22
244,244,AXID3RPK6NZT6,AXID3RPK6NZT6,1,1,2,2,6,6,2,2,"2019-08-26 15:51:49","2019-08-26 15:51:49",123,123,42,42
245,245,A3T8E8EB9HUYOS,A3T8E8EB9HUYOS,2,2,,,,,,,"2019-08-26 15:54:00","2019-08-26 15:54:00",123,123,43,43
246,246,AXID3RPK6NZT6,AXID3RPK6NZT6,1,1,2,2,6,6,2,2,"2019-08-26 15:56:25","2019-08-26 15:56:25",123,123,33,33
247,247,A3T8E8EB9HUYOS,A3T8E8EB9HUYOS,,,,,,,,,"2019-08-26 16:00:39","2019-08-26 16:00:39",123,123,42,42
248,248,AXID3RPK6NZT6,AXID3RPK6NZT6,1,1,2,2,6,6,2,2,"2019-08-26 16:01:04","2019-08-26 16:01:04",123,123,23,23
249,249,A13TYYX1EUIU1D,A13TYYX1EUIU1D,1,1,,,,,,,"2019-08-26 16:13:18","2019-08-26 16:13:18",123,123,43,43
250,250,A22FS22LAPMD8W,A22FS22LAPMD8W,3,3,,,,,,,"2019-08-26 16:18:35","2019-08-26 16:18:35",123,123,43,43
251,251,A1LT7RCP5NZQXG,A1LT7RCP5NZQXG,1,1,1,1,1,1,3,3,"2019-08-26 16:19:12","2019-08-26 16:19:12",123,123,42,42
252,252,A2XD5QTL6H2LIY,A2XD5QTL6H2LIY,1,1,1,1,3,3,4,4,"2019-08-26 16:19:37","2019-08-26 16:19:37",123,123,43,43
253,253,A22FS22LAPMD8W,A22FS22LAPMD8W,2,2,,,,,4,4,"2019-08-26 16:20:19","2019-08-26 16:20:19",123,123,23,23
254,254,A4VCRGDNRQVFM,A4VCRGDNRQVFM,2,2,2,2,2,2,4,4,"2019-08-26 16:24:56","2019-08-26 16:24:56",123,123,43,43
255,255,A22FS22LAPMD8W,A22FS22LAPMD8W,,,,,,,,,"2019-08-26 16:27:28","2019-08-26 16:27:28",123,123,32,32
256,256,A22FS22LAPMD8W,A22FS22LAPMD8W,,,,,,,,,"2019-08-26 16:35:18","2019-08-26 16:35:18",123,123,33,33
257,257,cameronaiken98@hotmail.com,cameronaiken98@hotmail.com,,,,,,,,,"2019-08-26 16:41:15","2019-08-26 16:41:15",123,123,43,43
258,258,ARYZT0RO8N5P1,ARYZT0RO8N5P1,1,1,,,,,1,1,"2019-08-26 16:44:02","2019-08-26 16:44:02",123,123,22,22
259,259,A22FS22LAPMD8W,A22FS22LAPMD8W,,,,,2,2,,,"2019-08-26 16:48:43","2019-08-26 16:48:43",123,123,22,22
260,260,AZJJM4MLJN12F,AZJJM4MLJN12F,1,1,2,2,1,1,3,3,"2019-08-26 16:50:18","2019-08-26 16:50:18",123,123,42,42
261,261,A2XD5QTL6H2LIY,A2XD5QTL6H2LIY,1,1,,,,,,,"2019-08-26 16:51:16","2019-08-26 16:51:16",123,123,22,22
262,262,A2XD5QTL6H2LIY,A2XD5QTL6H2LIY,1,1,,,,,4,4,"2019-08-26 16:59:19","2019-08-26 16:59:19",123,123,23,23
263,263,AZJJM4MLJN12F,AZJJM4MLJN12F,1,1,2,2,1,1,3,3,"2019-08-26 17:02:34","2019-08-26 17:02:34",123,123,33,33
264,264,A1ZSZ9LDHAYECQ,A1ZSZ9LDHAYECQ,3,3,2,2,7,7,4,4,"2019-08-26 17:09:03","2019-08-26 17:09:03",123,123,42,42
265,265,A2BX0O03OQ4EJ5,A2BX0O03OQ4EJ5,3,3,4,4,3,3,2,2,"2019-08-26 17:15:08","2019-08-26 17:15:08",123,123,43,43
266,266,A3P9XRM0IA5AOL,A3P9XRM0IA5AOL,1,1,2,2,6,6,3,3,"2019-08-26 17:17:50","2019-08-26 17:17:50",123,123,43,43
267,267,A3P9XRM0IA5AOL,A3P9XRM0IA5AOL,1,1,2,2,6,6,3,3,"2019-08-26 17:18:54","2019-08-26 17:18:54",123,123,43,43
268,268,A2CB5XA034TM3P,A2CB5XA034TM3P,1,1,,,,,,,"2019-08-26 17:20:27","2019-08-26 17:20:27",123,123,42,42
269,269,A2CB5XA034TM3P,A2CB5XA034TM3P,1,1,,,,,,,"2019-08-26 17:20:50","2019-08-26 17:20:50",123,123,42,42
270,270,AXBFJUI5IFJX2,AXBFJUI5IFJX2,1,1,,,,,,,"2019-08-26 17:33:19","2019-08-26 17:33:19",123,123,43,43
271,271,A2T63C3AQSLSGA,A2T63C3AQSLSGA,3,3,1,1,3,3,4,4,"2019-08-26 18:24:24","2019-08-26 18:24:24",123,123,42,42
272,272,A2T63C3AQSLSGA,A2T63C3AQSLSGA,3,3,1,1,3,3,4,4,"2019-08-26 18:31:18","2019-08-26 18:31:18",123,123,43,43
273,273,A7Y524016WTCJ,A7Y524016WTCJ,1,1,2,2,5,5,4,4,"2019-08-26 18:36:43","2019-08-26 18:36:43",123,123,33,33
274,274,A2T63C3AQSLSGA,A2T63C3AQSLSGA,3,3,1,1,3,3,4,4,"2019-08-26 18:39:44","2019-08-26 18:39:44",123,123,32,32
275,275,ABSLSFY33VM9B,ABSLSFY33VM9B,3,3,3,3,2,2,4,4,"2019-08-26 18:40:07","2019-08-26 18:40:07",123,123,43,43
276,276,A2T63C3AQSLSGA,A2T63C3AQSLSGA,3,3,1,1,3,3,4,4,"2019-08-26 18:44:18","2019-08-26 18:44:18",123,123,22,22
277,277,A2T63C3AQSLSGA,A2T63C3AQSLSGA,3,3,1,1,3,3,4,4,"2019-08-26 18:59:36","2019-08-26 18:59:36",123,123,23,23
278,278,AQMIT4AYRUK86,AQMIT4AYRUK86,3,3,,,,,,,"2019-08-26 19:02:43","2019-08-26 19:02:43",123,123,22,22
279,279,AQMIT4AYRUK86,AQMIT4AYRUK86,1,1,,,3,3,4,4,"2019-08-26 19:03:26","2019-08-26 19:03:26",123,123,22,22
280,280,AQMIT4AYRUK86,AQMIT4AYRUK86,,,,,,,,,"2019-08-26 19:04:27","2019-08-26 19:04:27",123,123,22,22
281,281,AQMIT4AYRUK86,AQMIT4AYRUK86,,,,,,,,,"2019-08-26 19:07:07","2019-08-26 19:07:07",123,123,33,33
282,282,AQMIT4AYRUK86,AQMIT4AYRUK86,3,3,,,,,,,"2019-08-26 19:07:42","2019-08-26 19:07:42",123,123,33,33
283,283,A20BMLDKLO38ZE,A20BMLDKLO38ZE,1,1,2,2,2,2,4,4,"2019-08-26 19:11:15","2019-08-26 19:11:15",123,123,33,33
284,284,A20BMLDKLO38ZE,A20BMLDKLO38ZE,1,1,,,2,2,4,4,"2019-08-26 19:23:40","2019-08-26 19:23:40",123,123,43,43
285,285,A8SEJ35IVN1G0,A8SEJ35IVN1G0,1,1,2,2,2,2,2,2,"2019-08-26 19:24:39","2019-08-26 19:24:39",123,123,33,33
286,286,ARHDGH8G2GKCY,ARHDGH8G2GKCY,1,1,4,4,3,3,3,3,"2019-08-26 19:31:10","2019-08-26 19:31:10",123,123,33,33
287,287,A35HP4O42TDQAQ,A35HP4O42TDQAQ,1,1,2,2,7,7,4,4,"2019-08-26 19:40:03","2019-08-26 19:40:03",123,123,22,22
288,288,A1J8LLKK5NMVOL,A1J8LLKK5NMVOL,1,1,2,2,2,2,2,2,"2019-08-26 20:12:46","2019-08-26 20:12:46",123,123,33,33
289,289,A1J8LLKK5NMVOL,A1J8LLKK5NMVOL,1,1,2,2,2,2,1,1,"2019-08-26 20:13:04","2019-08-26 20:13:04",123,123,33,33
290,290,A1J8LLKK5NMVOL,A1J8LLKK5NMVOL,1,1,2,2,2,2,1,1,"2019-08-26 20:14:11","2019-08-26 20:14:11",123,123,33,33
291,291,ARHDGH8G2GKCY,ARHDGH8G2GKCY,2,2,3,3,3,3,,,"2019-08-26 20:14:18","2019-08-26 20:14:18",123,123,32,32
292,292,A25RJ54AHZGDOO,A25RJ54AHZGDOO,1,1,2,2,6,6,4,4,"2019-08-26 20:21:49","2019-08-26 20:21:49",123,123,33,33
293,293,ARHDGH8G2GKCY,ARHDGH8G2GKCY,1,1,,,,,,,"2019-08-26 20:24:13","2019-08-26 20:24:13",123,123,22,22
294,294,A2DSIBZFKLEAGC,A2DSIBZFKLEAGC,1,1,2,2,1,1,2,2,"2019-08-26 20:34:46","2019-08-26 20:34:46",123,123,33,33
295,295,A2DSIBZFKLEAGC,A2DSIBZFKLEAGC,2,2,,,,,,,"2019-08-26 20:34:55","2019-08-26 20:34:55",123,123,33,33
296,296,ARHDGH8G2GKCY,ARHDGH8G2GKCY,,,,,,,,,"2019-08-26 20:41:14","2019-08-26 20:41:14",123,123,23,23
297,297,A3L6JNFBB7DQBO,A3L6JNFBB7DQBO,1,1,2,2,3,3,1,1,"2019-08-26 20:52:54","2019-08-26 20:52:54",123,123,33,33
298,298,A3L6JNFBB7DQBO,A3L6JNFBB7DQBO,,,1,1,1,1,4,4,"2019-08-26 21:01:38","2019-08-26 21:01:38",123,123,32,32
299,299,A27QIBL4MO6Z0X,A27QIBL4MO6Z0X,3,3,4,4,2,2,4,4,"2019-08-26 21:13:11","2019-08-26 21:13:11",123,123,32,32
300,300,A3L6JNFBB7DQBO,A3L6JNFBB7DQBO,1,1,1,1,3,3,4,4,"2019-08-26 21:13:29","2019-08-26 21:13:29",123,123,23,23
301,301,ANMF9VHRYZ4NV,ANMF9VHRYZ4NV,1,1,1,1,3,3,4,4,"2019-08-26 21:22:09","2019-08-26 21:22:09",123,123,32,32
302,302,A1YA8AX0KPGMNI,A1YA8AX0KPGMNI,2,2,,,,,,,"2019-08-26 21:45:34","2019-08-26 21:45:34",123,123,42,42
303,303,ATOFK3PAS290J,ATOFK3PAS290J,3,3,2,2,2,2,4,4,"2019-08-26 21:52:39","2019-08-26 21:52:39",123,123,33,33
304,304,A1YA8AX0KPGMNI,A1YA8AX0KPGMNI,2,2,2,2,,,4,4,"2019-08-26 22:01:41","2019-08-26 22:01:41",123,123,32,32
305,305,A3K0H7QLYSKKJH,A3K0H7QLYSKKJH,2,2,,,,,,,"2019-08-26 22:32:08","2019-08-26 22:32:08",123,123,32,32
306,306,A13ZHDVQO60AXW,A13ZHDVQO60AXW,1,1,1,1,,,4,4,"2019-08-26 22:40:13","2019-08-26 22:40:13",123,123,23,23
307,307,A13ZHDVQO60AXW,A13ZHDVQO60AXW,,,,,,,,,"2019-08-26 22:41:00","2019-08-26 22:41:00",123,123,23,23
308,308,ATOFK3PAS290J,ATOFK3PAS290J,,,,,,,,,"2019-08-26 23:24:49","2019-08-26 23:24:49",123,123,23,23
309,309,A1J25XF4DD6XBM,A1J25XF4DD6XBM,1,1,,,1,1,1,1,"2019-08-26 23:35:57","2019-08-26 23:35:57",123,123,32,32
310,310,A1J25XF4DD6XBM,A1J25XF4DD6XBM,3,3,,,,,4,4,"2019-08-26 23:37:03","2019-08-26 23:37:03",123,123,32,32
311,311,A1J25XF4DD6XBM,A1J25XF4DD6XBM,2,2,2,2,1,1,2,2,"2019-08-26 23:40:16","2019-08-26 23:40:16",123,123,32,32
312,312,A3SITW767PUHIN,A3SITW767PUHIN,1,1,1,1,2,2,3,3,"2019-08-27 00:35:51","2019-08-27 00:35:51",123,123,32,32
313,313,A34GAZW7WFPOMU,A34GAZW7WFPOMU,1,1,,,,,,,"2019-08-27 02:24:57","2019-08-27 02:24:57",123,123,32,32
314,314,A3JJ9WEV515N1K,A3JJ9WEV515N1K,3,3,,,,,,,"2019-08-27 04:13:00","2019-08-27 04:13:00",123,123,22,22
315,315,AH6N65BFAKCLH,AH6N65BFAKCLH,2,2,,,,,,,"2019-08-27 04:16:02","2019-08-27 04:16:02",123,123,32,32
316,316,AH6N65BFAKCLH,AH6N65BFAKCLH,,,,,2,2,,,"2019-08-27 04:17:01","2019-08-27 04:17:01",123,123,32,32
317,317,"A26EN6J1ENYOC ","A26EN6J1ENYOC ",3,3,1,1,4,4,4,4,"2019-08-27 07:50:19","2019-08-27 07:50:19",123,123,22,22
318,318,"A26EN6J1ENYOC ","A26EN6J1ENYOC ",1,1,,,,,,,"2019-08-27 07:51:14","2019-08-27 07:51:14",123,123,22,22
319,319,"A26EN6J1ENYOC ","A26EN6J1ENYOC ",2,2,,,,,,,"2019-08-27 08:54:05","2019-08-27 08:54:05",123,123,23,23
320,320,A1NVQWRO6FJDBI,A1NVQWRO6FJDBI,1,1,1,1,2,2,3,3,"2019-08-27 09:00:28","2019-08-27 09:00:28",123,123,32,32
321,321,A12NI0OXCYVISP,A12NI0OXCYVISP,3,3,1,1,,,,,"2019-08-27 09:02:30","2019-08-27 09:02:30",123,123,23,23
322,322,"A26EN6J1ENYOC ","A26EN6J1ENYOC ",3,3,,,,,4,4,"2019-08-27 09:02:50","2019-08-27 09:02:50",123,123,23,23
323,323,A1NVQWRO6FJDBI,A1NVQWRO6FJDBI,1,1,1,1,2,2,3,3,"2019-08-27 09:07:35","2019-08-27 09:07:35",123,123,23,23
324,324,A12NI0OXCYVISP,A12NI0OXCYVISP,3,3,,,,,,,"2019-08-27 09:09:18","2019-08-27 09:09:18",123,123,22,22
325,325,A7X2K7IW80TBU,A7X2K7IW80TBU,,,,,,,,,"2019-08-27 15:49:05","2019-08-27 15:49:05",123,123,22,22
326,326,A7X2K7IW80TBU,A7X2K7IW80TBU,1,1,,,8,8,,,"2019-08-27 15:50:20","2019-08-27 15:50:20",123,123,22,22
327,327,l2s2t,l2s2t,3,3,4,4,8,8,4,4,"2019-08-29 16:38:16","2019-08-29 16:38:16",123,123,121,121
328,328,l3s2t,l3s2t,1,1,1,1,1,1,1,1,"2019-08-29 16:41:25","2019-08-29 16:41:25",123,123,132,132
329,329,l4s2t,l4s2t,,,3,3,5,5,3,3,"2019-08-29 16:44:22","2019-08-29 16:44:22",123,123,142,142
330,330,AXID3RPK6NZT6,AXID3RPK6NZT6,1,1,2,2,6,6,2,2,"2019-08-29 17:01:53","2019-08-29 17:01:53",123,123,123,123
331,331,A2TZH3L7RO6RFS,A2TZH3L7RO6RFS,2,2,2,2,3,3,3,3,"2019-08-29 17:04:52","2019-08-29 17:04:52",123,123,123,123
332,332,AEQ0FXD00UB2Z,AEQ0FXD00UB2Z,2,2,2,2,2,2,3,3,"2019-08-29 17:05:26","2019-08-29 17:05:26",123,123,132,132
333,333,AO4QODTUX8NJE,AO4QODTUX8NJE,1,1,2,2,2,2,3,3,"2019-08-29 17:05:54","2019-08-29 17:05:54",123,123,132,132
334,334," CopiedAXID3RPK6NZT6"," CopiedAXID3RPK6NZT6",1,1,2,2,6,6,2,2,"2019-08-29 17:06:43","2019-08-29 17:06:43",123,123,122,122
335,335,A3TRV99STQZBZ9,A3TRV99STQZBZ9,1,1,2,2,2,2,4,4,"2019-08-29 17:08:26","2019-08-29 17:08:26",123,123,123,123
336,336,A37QTEIPY5Q7DS,A37QTEIPY5Q7DS,2,2,2,2,1,1,3,3,"2019-08-29 17:09:02","2019-08-29 17:09:02",123,123,122,122
337,337,A2XD5QTL6H2LIY,A2XD5QTL6H2LIY,1,1,1,1,3,3,4,4,"2019-08-29 17:09:41","2019-08-29 17:09:41",123,123,122,122
338,338,AXID3RPK6NZT6,AXID3RPK6NZT6,1,1,2,2,6,6,2,2,"2019-08-29 17:11:26","2019-08-29 17:11:26",123,123,132,132
339,339,A19W81GYOX6OI8,A19W81GYOX6OI8,1,1,2,2,3,3,4,4,"2019-08-29 17:13:41","2019-08-29 17:13:41",123,123,122,122
340,340,AYANXOKRFW1ZD,AYANXOKRFW1ZD,1,1,2,2,1,1,4,4,"2019-08-29 17:24:43","2019-08-29 17:24:43",123,123,142,142
341,341,A19W81GYOX6OI8,A19W81GYOX6OI8,1,1,2,2,3,3,4,4,"2019-08-29 17:25:15","2019-08-29 17:25:15",123,123,123,123
342,342,AEQ0FXD00UB2Z,AEQ0FXD00UB2Z,2,2,2,2,2,2,3,3,"2019-08-29 17:26:41","2019-08-29 17:26:41",123,123,142,142
343,343,A1RCBWN98I5B90,A1RCBWN98I5B90,1,1,1,1,3,3,1,1,"2019-08-29 17:28:12","2019-08-29 17:28:12",123,123,122,122
344,344,A7X2K7IW80TBU,A7X2K7IW80TBU,3,3,2,2,3,3,4,4,"2019-08-29 17:29:31","2019-08-29 17:29:31",123,123,122,122
345,345,A27P16LFLZGFPR,A27P16LFLZGFPR,3,3,1,1,2,2,3,3,"2019-08-29 17:34:12","2019-08-29 17:34:12",123,123,122,122
346,346,A2R8X5REWQ3YIX,A2R8X5REWQ3YIX,3,3,2,2,1,1,1,1,"2019-08-29 17:34:29","2019-08-29 17:34:29",123,123,122,122
347,347,A7X2K7IW80TBU,A7X2K7IW80TBU,3,3,2,2,3,3,4,4,"2019-08-29 17:35:47","2019-08-29 17:35:47",123,123,132,132
348,348,AEQ0FXD00UB2Z,AEQ0FXD00UB2Z,2,2,2,2,2,2,3,3,"2019-08-29 17:40:06","2019-08-29 17:40:06",123,123,122,122
349,349,A2XNQ9MFS4AZH2,A2XNQ9MFS4AZH2,2,2,1,1,2,2,1,1,"2019-08-29 17:42:12","2019-08-29 17:42:12",123,123,132,132
350,350,A7X2K7IW80TBU,A7X2K7IW80TBU,3,3,2,2,3,3,4,4,"2019-08-29 17:42:23","2019-08-29 17:42:23",123,123,142,142
351,351,ABKH6YLFFKCPO,ABKH6YLFFKCPO,3,3,2,2,3,3,4,4,"2019-08-29 17:42:43","2019-08-29 17:42:43",123,123,132,132
352,352,A1YMLNSEPCYTON,A1YMLNSEPCYTON,1,1,3,3,1,1,4,4,"2019-08-29 17:44:08","2019-08-29 17:44:08",123,123,132,132
353,353,ARHDGH8G2GKCY,ARHDGH8G2GKCY,1,1,2,2,2,2,2,2,"2019-08-29 17:44:52","2019-08-29 17:44:52",123,123,122,122
354,354,A7X2K7IW80TBU,A7X2K7IW80TBU,3,3,2,2,3,3,4,4,"2019-08-29 17:47:46","2019-08-29 17:47:46",123,123,123,123
355,355," W4PI-MTK-S122-SRE123A27P16LFLZGFPR"," W4PI-MTK-S122-SRE123A27P16LFLZGFPR",,,,,,,,,"2019-08-29 17:50:50","2019-08-29 17:50:50",123,123,142,142
356,356,A19W81GYOX6OI8,A19W81GYOX6OI8,1,1,2,2,3,3,4,4,"2019-08-29 17:55:53","2019-08-29 17:55:53",123,123,142,142
357,357,A1ZSZ9LDHAYECQ,A1ZSZ9LDHAYECQ,3,3,2,2,7,7,4,4,"2019-08-29 18:04:04","2019-08-29 18:04:04",123,123,142,142
358,358,A19W81GYOX6OI8,A19W81GYOX6OI8,1,1,2,2,3,3,4,4,"2019-08-29 18:04:40","2019-08-29 18:04:40",123,123,132,132
359,359,A13TYYX1EUIU1D,A13TYYX1EUIU1D,1,1,2,2,4,4,4,4,"2019-08-29 18:06:09","2019-08-29 18:06:09",123,123,142,142
360,360,A3OL5N49RZP2P1,A3OL5N49RZP2P1,2,2,2,2,2,2,3,3,"2019-08-29 18:06:54","2019-08-29 18:06:54",123,123,123,123
361,361,A3OL5N49RZP2P1,A3OL5N49RZP2P1,1,1,2,2,2,2,3,3,"2019-08-29 18:09:34","2019-08-29 18:09:34",123,123,123,123
362,362,ARHDGH8G2GKCY,ARHDGH8G2GKCY,1,1,2,2,2,2,2,2,"2019-08-29 18:31:36","2019-08-29 18:31:36",123,123,132,132
363,363,A192R20G9KGSFE,A192R20G9KGSFE,1,1,2,2,1,1,3,3,"2019-08-29 18:34:04","2019-08-29 18:34:04",123,123,142,142
364,364,A1X8UBJ3IA1T1,A1X8UBJ3IA1T1,2,2,3,3,3,3,4,4,"2019-08-29 18:37:50","2019-08-29 18:37:50",123,123,142,142
365,365,AIP4QLDLZ3E5A,AIP4QLDLZ3E5A,1,1,1,1,3,3,4,4,"2019-08-29 18:40:13","2019-08-29 18:40:13",123,123,123,123
366,366,A3CC1VVTPVJVT7,A3CC1VVTPVJVT7,1,1,1,1,1,1,3,3,"2019-08-29 18:48:50","2019-08-29 18:48:50",123,123,142,142
367,367,A3PWX6AP36T5RQ,A3PWX6AP36T5RQ,1,1,2,2,1,1,3,3,"2019-08-29 18:58:38","2019-08-29 18:58:38",123,123,142,142
368,368,A398EWYF8HJEDA,A398EWYF8HJEDA,3,3,2,2,4,4,3,3,"2019-08-29 19:22:26","2019-08-29 19:22:26",123,123,142,142
369,369,A2T63C3AQSLSGA,A2T63C3AQSLSGA,3,3,1,1,3,3,4,4,"2019-08-29 19:26:40","2019-08-29 19:26:40",123,123,123,123
370,370,A398EWYF8HJEDA,A398EWYF8HJEDA,3,3,2,2,4,4,3,3,"2019-08-29 19:35:10","2019-08-29 19:35:10",123,123,123,123
371,371,A2R8X5REWQ3YIX,A2R8X5REWQ3YIX,3,3,2,2,1,1,1,1,"2019-08-29 19:39:01","2019-08-29 19:39:01",123,123,123,123
372,372,A2R8X5REWQ3YIX,A2R8X5REWQ3YIX,3,3,2,2,1,1,1,1,"2019-08-29 19:39:56","2019-08-29 19:39:56",123,123,123,123
373,373,A1HP2YAVUPNBQN,A1HP2YAVUPNBQN,2,2,2,2,1,1,1,1,"2019-08-29 19:44:32","2019-08-29 19:44:32",123,123,123,123
374,374,A1HP2YAVUPNBQN,A1HP2YAVUPNBQN,2,2,2,2,1,1,1,1,"2019-08-29 19:48:11","2019-08-29 19:48:11",123,123,123,123
375,375,A3CC1VVTPVJVT7,A3CC1VVTPVJVT7,1,1,1,1,1,1,3,3,"2019-08-29 19:50:29","2019-08-29 19:50:29",123,123,123,123
376,376,A1OKB37HUEJVHT,A1OKB37HUEJVHT,1,1,1,1,2,2,3,3,"2019-08-29 21:19:30","2019-08-29 21:19:30",123,123,123,123
377,377,A1KCKKMDKHADNC,A1KCKKMDKHADNC,2,2,2,2,5,5,4,4,"2019-08-29 21:26:56","2019-08-29 21:26:56",123,123,123,123
378,378,A3KS9SFKQR3XVY,A3KS9SFKQR3XVY,1,1,2,2,4,4,4,4,"2019-08-29 22:06:01","2019-08-29 22:06:01",123,123,123,123
379,379,AO75W5YAI347B,AO75W5YAI347B,1,1,3,3,2,2,1,1,"2019-08-29 23:53:35","2019-08-29 23:53:35",123,123,123,123
380,380,AXBFJUI5IFJX2,AXBFJUI5IFJX2,1,1,2,2,2,2,4,4,"2019-08-30 04:43:52","2019-08-30 04:43:52",123,123,123,123
381,381,A1LQSODJ1E706K,A1LQSODJ1E706K,1,1,2,2,2,2,3,3,"2019-08-30 05:54:37","2019-08-30 05:54:37",123,123,123,123
382,382,A3L6JNFBB7DQBO,A3L6JNFBB7DQBO,1,1,1,1,3,3,4,4,"2019-08-30 07:21:41","2019-08-30 07:21:41",123,123,123,123
383,383,A2KMK30K2TDDNH,A2KMK30K2TDDNH,1,1,2,2,3,3,2,2,"2019-08-30 11:27:51","2019-08-30 11:27:51",123,123,133,133
384,384,A20MS0C8F8SO9A,A20MS0C8F8SO9A,1,1,2,2,4,4,2,2,"2019-08-30 11:28:51","2019-08-30 11:28:51",123,123,143,143
385,385,A3L6JNFBB7DQBO,A3L6JNFBB7DQBO,1,1,2,2,3,3,4,4,"2019-08-30 11:29:16","2019-08-30 11:29:16",123,123,133,133
386,386,A13T8GV5PDF82B,A13T8GV5PDF82B,3,3,2,2,1,1,4,4,"2019-08-30 11:29:37","2019-08-30 11:29:37",123,123,143,143
387,387,A71LNIRT2KCKP,A71LNIRT2KCKP,1,1,2,2,1,1,3,3,"2019-08-30 11:29:49","2019-08-30 11:29:49",123,123,143,143
388,388,A2XD5QTL6H2LIY,A2XD5QTL6H2LIY,1,1,1,1,3,3,4,4,"2019-08-30 11:36:43","2019-08-30 11:36:43",123,123,133,133
389,389,A300NSYGWVGOMM,A300NSYGWVGOMM,1,1,2,2,4,4,4,4,"2019-08-30 11:45:40","2019-08-30 11:45:40",123,123,133,133
390,390,AXID3RPK6NZT6,AXID3RPK6NZT6,1,1,2,2,6,6,2,2,"2019-08-30 11:47:31","2019-08-30 11:47:31",123,123,143,143
391,391,AEQ0FXD00UB2Z,AEQ0FXD00UB2Z,2,2,2,2,2,2,3,3,"2019-08-30 11:47:53","2019-08-30 11:47:53",123,123,133,133
392,392,A13T8GV5PDF82B,A13T8GV5PDF82B,3,3,2,2,1,1,4,4,"2019-08-30 11:49:20","2019-08-30 11:49:20",123,123,133,133
393,393,AXID3RPK6NZT6,AXID3RPK6NZT6,1,1,2,2,6,6,2,2,"2019-08-30 11:52:57","2019-08-30 11:52:57",123,123,133,133
394,394,A1S25NBTJQC64E,A1S25NBTJQC64E,3,3,2,2,5,5,1,1,"2019-08-30 11:54:28","2019-08-30 11:54:28",123,123,143,143
395,395,A1G2WCU6V3ASEQ,A1G2WCU6V3ASEQ,1,1,2,2,2,2,4,4,"2019-08-30 11:56:58","2019-08-30 11:56:58",123,123,143,143
396,396,AEQ0FXD00UB2Z,AEQ0FXD00UB2Z,2,2,2,2,2,2,3,3,"2019-08-30 11:59:49","2019-08-30 11:59:49",123,123,143,143
397,397,A1UYK7SUH7SQ6W,A1UYK7SUH7SQ6W,1,1,1,1,3,3,4,4,"2019-08-30 12:09:46","2019-08-30 12:09:46",123,123,143,143
398,398,A2FXX3H2NQCQB3,A2FXX3H2NQCQB3,1,1,2,2,3,3,3,3,"2019-08-30 12:16:04","2019-08-30 12:16:04",123,123,143,143
399,399,A2FXX3H2NQCQB3,A2FXX3H2NQCQB3,1,1,2,2,3,3,3,3,"2019-08-30 12:16:53","2019-08-30 12:16:53",123,123,143,143
400,400,A2TZH3L7RO6RFS,A2TZH3L7RO6RFS,2,2,2,2,3,3,3,3,"2019-08-30 12:27:46","2019-08-30 12:27:46",123,123,133,133
401,401,A25RJ54AHZGDOO,A25RJ54AHZGDOO,1,1,2,2,6,6,4,4,"2019-08-30 12:50:05","2019-08-30 12:50:05",123,123,133,133
402,402,A2T63C3AQSLSGA,A2T63C3AQSLSGA,3,3,1,1,3,3,4,4,"2019-08-30 12:57:29","2019-08-30 12:57:29",123,123,143,143
403,403,A3OAH2XXHT3FOS,A3OAH2XXHT3FOS,1,1,2,2,2,2,4,4,"2019-08-30 13:06:54","2019-08-30 13:06:54",123,123,143,143
404,404,A3DD63B3AMQ9NP,A3DD63B3AMQ9NP,2,2,2,2,3,3,4,4,"2019-08-30 15:11:15","2019-08-30 15:11:15",123,123,143,143
405,405,132,132,,,,,,,,,"2019-09-09 15:04:15","2019-09-09 15:04:15",132,132,22,22
406,406,v2,v2,,,,,,,,,"2019-09-09 19:36:35","2019-09-09 19:36:35",2123,2123,23,23
407,407,v2,v2,,,,,,,,,"2019-09-09 20:14:47","2019-09-09 20:14:47",2123,2123,23,23
408,408,o132,o132,,,,,,,,,"2019-09-09 20:20:51","2019-09-09 20:20:51",132,132,22,22
409,409,A1RCBWN98I5B90,A1RCBWN98I5B90,1,1,1,1,3,3,1,1,"2019-09-09 20:27:47","2019-09-09 20:27:47",2123,2123,23,23
410,410,A3HB5BF8RI3CIS,A3HB5BF8RI3CIS,1,1,2,2,2,2,4,4,"2019-09-09 20:27:51","2019-09-09 20:27:51",2123,2123,23,23
411,411,A3COQALEXT650,A3COQALEXT650,2,2,2,2,4,4,2,2,"2019-09-09 20:27:54","2019-09-09 20:27:54",2123,2123,23,23
412,412,A7Y524016WTCJ,A7Y524016WTCJ,3,3,2,2,5,5,4,4,"2019-09-09 20:28:42","2019-09-09 20:28:42",132,132,22,22
413,413,A3SITW767PUHIN,A3SITW767PUHIN,1,1,1,1,2,2,4,4,"2019-09-09 20:28:48","2019-09-09 20:28:48",132,132,22,22
414,414,A1OHAG1MM8G7F7,A1OHAG1MM8G7F7,2,2,1,1,3,3,2,2,"2019-09-09 20:35:34","2019-09-09 20:35:34",132,132,22,22
415,415,A27P16LFLZGFPR,A27P16LFLZGFPR,2,2,1,1,1,1,4,4,"2019-09-09 20:37:43","2019-09-09 20:37:43",2123,2123,23,23
416,416,A208SQNN3F76S2,A208SQNN3F76S2,2,2,2,2,2,2,3,3,"2019-09-09 20:37:47","2019-09-09 20:37:47",132,132,22,22
417,417,AXID3RPK6NZT6,AXID3RPK6NZT6,1,1,2,2,6,6,2,2,"2019-09-09 20:39:03","2019-09-09 20:39:03",2123,2123,23,23
418,418,AUZUHON52J10U,AUZUHON52J10U,1,1,1,1,6,6,4,4,"2019-09-09 20:43:11","2019-09-09 20:43:11",132,132,22,22
419,419,AXID3RPK6NZT6,AXID3RPK6NZT6,1,1,2,2,6,6,2,2,"2019-09-09 20:44:39","2019-09-09 20:44:39",132,132,22,22
420,420,W4PI-MTK-S22-SRE132-A1OHAG1MM8G7F7,W4PI-MTK-S22-SRE132-A1OHAG1MM8G7F7,2,2,1,1,3,3,2,2,"2019-09-09 20:46:50","2019-09-09 20:46:50",2123,2123,23,23
421,421,A3GU1JODY168LO,A3GU1JODY168LO,1,1,2,2,4,4,4,4,"2019-09-09 20:48:00","2019-09-09 20:48:00",132,132,22,22
422,422,A3PX8ILC809788,A3PX8ILC809788,2,2,2,2,2,2,4,4,"2019-09-09 20:48:52","2019-09-09 20:48:52",2123,2123,23,23
423,423,AH9NNOFPF0GBG,AH9NNOFPF0GBG,1,1,2,2,2,2,4,4,"2019-09-09 20:52:11","2019-09-09 20:52:11",132,132,22,22
424,424,A27QIBL4MO6Z0X,A27QIBL4MO6Z0X,1,1,2,2,2,2,4,4,"2019-09-09 20:57:38","2019-09-09 20:57:38",132,132,22,22
425,425,AUZUHON52J10U,AUZUHON52J10U,1,1,1,1,6,6,4,4,"2019-09-09 21:04:34","2019-09-09 21:04:34",2123,2123,23,23
426,426," W4PI-MTK-S23-SRE2123-A27P16LFLZGFPR"," W4PI-MTK-S23-SRE2123-A27P16LFLZGFPR",,,,,,,,,"2019-09-09 21:10:05","2019-09-09 21:10:05",132,132,22,22
427,427,A7X2K7IW80TBU,A7X2K7IW80TBU,3,3,2,2,3,3,4,4,"2019-09-09 21:12:26","2019-09-09 21:12:26",2123,2123,23,23
428,428,A3IGX9S92GTNMI,A3IGX9S92GTNMI,2,2,2,2,2,2,4,4,"2019-09-09 21:15:08","2019-09-09 21:15:08",132,132,22,22
429,429,A7X2K7IW80TBU,A7X2K7IW80TBU,3,3,2,2,3,3,4,4,"2019-09-09 21:18:43","2019-09-09 21:18:43",132,132,22,22
430,430,A25RJ54AHZGDOO,A25RJ54AHZGDOO,1,1,2,2,6,6,4,4,"2019-09-09 21:21:25","2019-09-09 21:21:25",132,132,22,22
431,431,A25RJ54AHZGDOO,A25RJ54AHZGDOO,1,1,2,2,6,6,4,4,"2019-09-09 21:51:26","2019-09-09 21:51:26",2123,2123,23,23
432,432,A382IT3BF1UWLB,A382IT3BF1UWLB,,,,,,,,,"2019-09-09 23:34:06","2019-09-09 23:34:06",132,132,22,22
433,433,AHM33ZI3BLDX1,AHM33ZI3BLDX1,1,1,1,1,2,2,4,4,"2019-09-10 00:47:46","2019-09-10 00:47:46",132,132,22,22
434,434,A2HCPK7302F0V6,A2HCPK7302F0V6,1,1,2,2,3,3,2,2,"2019-09-10 09:29:03","2019-09-10 09:29:03",3123,3123,23,23
435,435,A204QNV939BM0R,A204QNV939BM0R,2,2,2,2,2,2,3,3,"2019-09-10 09:30:55","2019-09-10 09:30:55",3123,3123,23,23
436,436,A3VRR7TNM21CQZ,A3VRR7TNM21CQZ,1,1,1,1,1,1,4,4,"2019-09-10 09:35:25","2019-09-10 09:35:25",3123,3123,23,23
437,437,AUZUHON52J10U,AUZUHON52J10U,1,1,1,1,6,6,4,4,"2019-09-10 09:38:30","2019-09-10 09:38:30",213,213,22,22
438,438,A3VRR7TNM21CQZ,A3VRR7TNM21CQZ,1,1,1,1,1,1,4,4,"2019-09-10 10:05:28","2019-09-10 10:05:28",213,213,22,22
439,439,A1NVQWRO6FJDBI,A1NVQWRO6FJDBI,1,1,1,1,2,2,3,3,"2019-09-10 10:10:14","2019-09-10 10:10:14",213,213,22,22
440,440,A2MHJVAA3RH21R,A2MHJVAA3RH21R,3,3,2,2,2,2,2,2,"2019-09-10 10:19:26","2019-09-10 10:19:26",213,213,22,22
441,441,A2TZH3L7RO6RFS,A2TZH3L7RO6RFS,2,2,2,2,3,3,3,3,"2019-09-10 10:37:10","2019-09-10 10:37:10",213,213,22,22
442,442,A33UFT5HSU412H,A33UFT5HSU412H,1,1,2,2,4,4,2,2,"2019-09-10 10:42:45","2019-09-10 10:42:45",213,213,22,22
443,443,"A26EN6J1ENYOC ","A26EN6J1ENYOC ",2,2,1,1,4,4,4,4,"2019-09-10 10:48:46","2019-09-10 10:48:46",213,213,22,22
444,444,AXID3RPK6NZT6,AXID3RPK6NZT6,1,1,2,2,6,6,2,2,"2019-09-10 11:10:47","2019-09-10 11:10:47",213,213,22,22
445,445,A1HX579VKHLYZX,A1HX579VKHLYZX,1,1,2,2,2,2,1,1,"2019-09-10 11:15:20","2019-09-10 11:15:20",213,213,22,22
446,446,A1MP3NYIS55VQP,A1MP3NYIS55VQP,1,1,1,1,2,2,4,4,"2019-09-10 11:49:09","2019-09-10 11:49:09",213,213,22,22
447,447,AXBFJUI5IFJX2,AXBFJUI5IFJX2,1,1,2,2,2,2,4,4,"2019-09-10 11:59:23","2019-09-10 11:59:23",213,213,22,22
448,448,A1J4DOQBYVLHZP,A1J4DOQBYVLHZP,1,1,2,2,3,3,2,2,"2019-09-10 12:02:32","2019-09-10 12:02:32",3123,3123,23,23
449,449,A7X2K7IW80TBU,A7X2K7IW80TBU,3,3,2,2,3,3,4,4,"2019-09-10 12:33:12","2019-09-10 12:33:12",3123,3123,23,23
450,450,A7X2K7IW80TBU,A7X2K7IW80TBU,3,3,2,2,3,3,4,4,"2019-09-10 13:17:46","2019-09-10 13:17:46",312,312,22,22
451,451,A398EWYF8HJEDA,A398EWYF8HJEDA,2,2,2,2,4,4,3,3,"2019-09-10 13:18:36","2019-09-10 13:18:36",312,312,22,22
452,452,AULSRNSXS3N1V,AULSRNSXS3N1V,1,1,2,2,1,1,4,4,"2019-09-10 13:18:47","2019-09-10 13:18:47",312,312,22,22
453,453,A3KV3EG94U3EZ8,A3KV3EG94U3EZ8,2,2,2,2,1,1,4,4,"2019-09-10 13:19:21","2019-09-10 13:19:21",312,312,22,22
454,454,A1AMNSC5GMIKWR,A1AMNSC5GMIKWR,1,1,1,1,2,2,4,4,"2019-09-10 13:19:33","2019-09-10 13:19:33",312,312,22,22
455,455,A27QIBL4MO6Z0X,A27QIBL4MO6Z0X,1,1,2,2,2,2,4,4,"2019-09-10 13:23:11","2019-09-10 13:23:11",312,312,22,22
456,456,AXID3RPK6NZT6,AXID3RPK6NZT6,1,1,2,2,6,6,2,2,"2019-09-10 13:28:25","2019-09-10 13:28:25",312,312,22,22
457,457,A1OKB37HUEJVHT,A1OKB37HUEJVHT,1,1,1,1,2,2,3,3,"2019-09-10 13:32:23","2019-09-10 13:32:23",312,312,22,22
458,458,A3OL5N49RZP2P1,A3OL5N49RZP2P1,1,1,2,2,2,2,4,4,"2019-09-10 13:43:05","2019-09-10 13:43:05",3123,3123,23,23
459,459,AHNFC3OMXMIGA,AHNFC3OMXMIGA,1,1,1,1,2,2,4,4,"2019-09-10 13:44:45","2019-09-10 13:44:45",312,312,22,22
460,460,A3OL5N49RZP2P1,A3OL5N49RZP2P1,1,1,1,1,2,2,4,4,"2019-09-10 13:56:00","2019-09-10 13:56:00",312,312,22,22
461,461,A2NZXPC9NYYFOZ,A2NZXPC9NYYFOZ,1,1,3,3,1,1,4,4,"2019-09-10 13:57:02","2019-09-10 13:57:02",3123,3123,23,23
462,462,A3J2JV5GIN2DNH,A3J2JV5GIN2DNH,1,1,1,1,3,3,4,4,"2019-09-10 14:32:04","2019-09-10 14:32:04",3123,3123,23,23
463,463,A300NSYGWVGOMM,A300NSYGWVGOMM,1,1,2,2,4,4,4,4,"2019-09-10 14:32:33","2019-09-10 14:32:33",312,312,22,22
464,464,": COPIEDA1M3PJ9FTV66QG",": COPIEDA1M3PJ9FTV66QG",3,3,2,2,5,5,4,4,"2019-09-10 14:45:04","2019-09-10 14:45:04",3123,3123,23,23
465,465,W4PI-MTK-S22-SRE312-A300NSYGWVGOMM,W4PI-MTK-S22-SRE312-A300NSYGWVGOMM,1,1,2,2,4,4,4,4,"2019-09-10 15:17:57","2019-09-10 15:17:57",3123,3123,23,23
466,466,A18JD2MXWESMG7,A18JD2MXWESMG7,2,2,2,2,2,2,1,1,"2019-09-10 16:38:44","2019-09-10 16:38:44",312,312,22,22
467,467,A27P16LFLZGFPR,A27P16LFLZGFPR,2,2,1,1,,,,,"2019-09-10 17:48:19","2019-09-10 17:48:19",312,312,22,22
468,468,A11BS3GFM9T4FJ,A11BS3GFM9T4FJ,3,3,2,2,2,2,2,2,"2019-09-10 18:21:39","2019-09-10 18:21:39",312,312,22,22
469,469,A3P9XRM0IA5AOL,A3P9XRM0IA5AOL,1,1,2,2,6,6,3,3,"2019-09-10 21:34:42","2019-09-10 21:34:42",312,312,22,22
470,470,AUZUHON52J10U,AUZUHON52J10U,1,1,1,1,6,6,4,4,"2019-09-10 22:16:45","2019-09-10 22:16:45",4123,4123,23,23
471,471,A7X2K7IW80TBU,A7X2K7IW80TBU,3,3,2,2,3,3,4,4,"2019-09-10 22:20:29","2019-09-10 22:20:29",321,321,22,22
472,472,A2L3BRCUIILH4X,A2L3BRCUIILH4X,1,1,1,1,1,1,4,4,"2019-09-10 22:23:29","2019-09-10 22:23:29",321,321,22,22
473,473,A2DSIBZFKLEAGC,A2DSIBZFKLEAGC,2,2,2,2,1,1,2,2,"2019-09-10 23:10:27","2019-09-10 23:10:27",321,321,22,22
474,474,AYANXOKRFW1ZD,AYANXOKRFW1ZD,2,2,2,2,1,1,4,4,"2019-09-10 23:22:07","2019-09-10 23:22:07",4123,4123,23,23
475,475,AYANXOKRFW1ZD,AYANXOKRFW1ZD,2,2,2,2,1,1,4,4,"2019-09-10 23:30:59","2019-09-10 23:30:59",321,321,22,22
476,476,AXID3RPK6NZT6,AXID3RPK6NZT6,1,1,2,2,6,6,2,2,"2019-09-11 00:07:40","2019-09-11 00:07:40",321,321,22,22
477,477,AXID3RPK6NZT6,AXID3RPK6NZT6,1,1,2,2,6,6,2,2,"2019-09-11 00:11:48","2019-09-11 00:11:48",4123,4123,23,23
478,478,A2LKRY3AYXG5US,A2LKRY3AYXG5US,2,2,3,3,5,5,2,2,"2019-09-11 00:12:29","2019-09-11 00:12:29",321,321,22,22
479,479,A3B2PN9XGBK0BB,A3B2PN9XGBK0BB,2,2,2,2,1,1,2,2,"2019-09-11 00:16:36","2019-09-11 00:16:36",4123,4123,23,23
480,480,A1XISC88FAUDHZ,A1XISC88FAUDHZ,1,1,1,1,1,1,4,4,"2019-09-11 00:31:20","2019-09-11 00:31:20",321,321,22,22
481,481,A2RQ6GQJ14PVAN,A2RQ6GQJ14PVAN,3,3,2,2,1,1,2,2,"2019-09-11 00:31:46","2019-09-11 00:31:46",321,321,22,22
482,482,A1XISC88FAUDHZ,A1XISC88FAUDHZ,1,1,1,1,1,1,4,4,"2019-09-11 00:35:16","2019-09-11 00:35:16",321,321,22,22
483,483,A1XISC88FAUDHZ,A1XISC88FAUDHZ,1,1,1,1,1,1,3,3,"2019-09-11 00:45:48","2019-09-11 00:45:48",4123,4123,23,23
484,484,A2K58YCQ6BLXKV,A2K58YCQ6BLXKV,1,1,2,2,1,1,4,4,"2019-09-11 01:53:42","2019-09-11 01:53:42",321,321,22,22
485,485,A3VRR7TNM21CQZ,A3VRR7TNM21CQZ,1,1,1,1,1,1,4,4,"2019-09-11 04:20:43","2019-09-11 04:20:43",321,321,22,22
486,486,A2I9WPEYYS27ZW,A2I9WPEYYS27ZW,1,1,2,2,3,3,4,4,"2019-09-11 04:35:06","2019-09-11 04:35:06",321,321,22,22
487,487,A3VRR7TNM21CQZ,A3VRR7TNM21CQZ,1,1,1,1,1,1,4,4,"2019-09-11 04:54:03","2019-09-11 04:54:03",4123,4123,23,23
488,488,A3H7KXYWJATRKA,A3H7KXYWJATRKA,3,3,2,2,2,2,1,1,"2019-09-11 05:24:55","2019-09-11 05:24:55",4123,4123,23,23
489,489,A398EWYF8HJEDA,A398EWYF8HJEDA,2,2,2,2,4,4,3,3,"2019-09-11 06:16:59","2019-09-11 06:16:59",321,321,22,22
490,490,A398EWYF8HJEDA,A398EWYF8HJEDA,2,2,2,2,4,4,3,3,"2019-09-11 06:17:46","2019-09-11 06:17:46",4123,4123,23,23
491,491,"A26EN6J1ENYOC ","A26EN6J1ENYOC ",2,2,1,1,4,4,4,4,"2019-09-11 06:24:25","2019-09-11 06:24:25",321,321,22,22
492,492,AFJP250UAUZ9,AFJP250UAUZ9,1,1,1,1,2,2,4,4,"2019-09-11 07:12:14","2019-09-11 07:12:14",321,321,22,22
493,493,A3OL5N49RZP2P1,A3OL5N49RZP2P1,1,1,2,2,3,3,4,4,"2019-09-11 07:20:12","2019-09-11 07:20:12",4123,4123,23,23
494,494,A3QRXNYCWR9G53,A3QRXNYCWR9G53,2,2,2,2,4,4,2,2,"2019-09-11 08:01:19","2019-09-11 08:01:19",4123,4123,23,23
495,495,A1UYK7SUH7SQ6W,A1UYK7SUH7SQ6W,1,1,1,1,3,3,4,4,"2019-09-11 08:30:13","2019-09-11 08:30:13",4123,4123,23,23
496,496,Survey,Survey,1,1,1,1,3,3,3,3,"2019-09-11 08:32:20","2019-09-11 08:32:20",4123,4123,23,23
497,497,A3C12N7NMPX4VE,A3C12N7NMPX4VE,1,1,2,2,2,2,4,4,"2019-09-11 08:33:41","2019-09-11 08:33:41",4123,4123,23,23
498,498,A3VRR7TNM21CQZ,A3VRR7TNM21CQZ,1,1,1,1,1,1,4,4,"2019-09-11 09:08:56","2019-09-11 09:08:56",231,231,22,22
499,499,AUZUHON52J10U,AUZUHON52J10U,1,1,1,1,6,6,4,4,"2019-09-11 09:15:12","2019-09-11 09:15:12",231,231,22,22
500,500,A3QRXNYCWR9G53,A3QRXNYCWR9G53,2,2,2,2,4,4,2,2,"2019-09-11 09:34:03","2019-09-11 09:34:03",231,231,22,22
501,501,A37QTEIPY5Q7DS,A37QTEIPY5Q7DS,2,2,2,2,1,1,3,3,"2019-09-11 09:36:55","2019-09-11 09:36:55",231,231,22,22
502,502,AYANXOKRFW1ZD,AYANXOKRFW1ZD,2,2,2,2,1,1,4,4,"2019-09-11 10:02:01","2019-09-11 10:02:01",231,231,22,22
503,503,A1NVQWRO6FJDBI,A1NVQWRO6FJDBI,1,1,1,1,2,2,3,3,"2019-09-11 10:19:17","2019-09-11 10:19:17",4123,4123,23,23
504,504,A3QUNHOJCSQDXX,A3QUNHOJCSQDXX,2,2,2,2,4,4,4,4,"2019-09-11 10:46:32","2019-09-11 10:46:32",231,231,22,22
505,505,AAT88IZB62NY2,AAT88IZB62NY2,1,1,2,2,1,1,2,2,"2019-09-11 10:55:14","2019-09-11 10:55:14",4123,4123,23,23
506,506,https://ncsu.qualtrics.com/jfe/form/SV_1STjwgwVMUEJVm5,https://ncsu.qualtrics.com/jfe/form/SV_1STjwgwVMUEJVm5,1,1,1,1,2,2,4,4,"2019-09-11 11:27:29","2019-09-11 11:27:29",231,231,22,22
507,507,A1DNMM7T22T0SB,A1DNMM7T22T0SB,1,1,1,1,2,2,4,4,"2019-09-11 11:35:04","2019-09-11 11:35:04",231,231,22,22
508,508,A31LCNCQS2AJR2,A31LCNCQS2AJR2,1,1,2,2,3,3,4,4,"2019-09-11 11:37:00","2019-09-11 11:37:00",231,231,22,22
509,509,A1DNMM7T22T0SB,A1DNMM7T22T0SB,1,1,2,2,3,3,4,4,"2019-09-11 11:37:02","2019-09-11 11:37:02",231,231,22,22
510,510,A1J4DOQBYVLHZP,A1J4DOQBYVLHZP,1,1,2,2,3,3,2,2,"2019-09-11 11:45:48","2019-09-11 11:45:48",231,231,22,22
511,511,AXID3RPK6NZT6,AXID3RPK6NZT6,1,1,2,2,6,6,2,2,"2019-09-11 11:59:53","2019-09-11 11:59:53",231,231,22,22
512,512," COPIEDA3EXLMBNWA3VO7"," COPIEDA3EXLMBNWA3VO7",,,,,,,,,"2019-09-11 13:05:11","2019-09-11 13:05:11",231,231,22,22
513,513,A3E6QGYV5HCIHN,A3E6QGYV5HCIHN,1,1,1,1,2,2,2,2,"2019-09-11 14:52:17","2019-09-11 14:52:17",4123,4123,23,23
514,514,A398EWYF8HJEDA,A398EWYF8HJEDA,2,2,2,2,4,4,3,3,"2019-09-11 15:34:19","2019-09-11 15:34:19",5123,5123,23,23
515,515,AXID3RPK6NZT6,AXID3RPK6NZT6,1,1,2,2,6,6,2,2,"2019-09-11 15:36:21","2019-09-11 15:36:21",5123,5123,23,23
516,516,AUZUHON52J10U,AUZUHON52J10U,1,1,1,1,6,6,4,4,"2019-09-11 15:40:04","2019-09-11 15:40:04",5123,5123,23,23
517,517,AHNFC3OMXMIGA,AHNFC3OMXMIGA,1,1,1,1,2,2,4,4,"2019-09-11 15:42:38","2019-09-11 15:42:38",5123,5123,23,23
518,518,AULSRNSXS3N1V,AULSRNSXS3N1V,1,1,2,2,1,1,4,4,"2019-09-11 15:44:07","2019-09-11 15:44:07",5123,5123,23,23
519,519,A3OL5N49RZP2P1,A3OL5N49RZP2P1,1,1,2,2,2,2,3,3,"2019-09-11 15:56:27","2019-09-11 15:56:27",5123,5123,23,23
520,520,A25RJ54AHZGDOO,A25RJ54AHZGDOO,1,1,1,1,6,6,4,4,"2019-09-11 16:26:53","2019-09-11 16:26:53",5123,5123,23,23
521,521,A3EXLMBNWA3VO7,A3EXLMBNWA3VO7,1,1,2,2,1,1,4,4,"2019-09-11 16:28:42","2019-09-11 16:28:42",5123,5123,23,23
522,522,A3EXLMBNWA3VO7,A3EXLMBNWA3VO7,1,1,2,2,1,1,4,4,"2019-09-11 16:29:50","2019-09-11 16:29:50",5123,5123,23,23
523,523,AIO5H68532ALN,AIO5H68532ALN,1,1,2,2,3,3,3,3,"2019-09-11 16:32:34","2019-09-11 16:32:34",5123,5123,23,23
524,524,AIO5H68532ALN,AIO5H68532ALN,1,1,2,2,3,3,3,3,"2019-09-11 16:34:06","2019-09-11 16:34:06",5123,5123,23,23
525,525,A2RTVR086P9NPU,A2RTVR086P9NPU,1,1,1,1,2,2,2,2,"2019-09-11 16:37:04","2019-09-11 16:37:04",5123,5123,23,23
526,526,AYANXOKRFW1ZD,AYANXOKRFW1ZD,2,2,2,2,1,1,4,4,"2019-09-11 16:41:36","2019-09-11 16:41:36",5123,5123,23,23
527,527,A3AYBSE0KUKC2E,A3AYBSE0KUKC2E,1,1,3,3,2,2,3,3,"2019-09-11 17:09:24","2019-09-11 17:09:24",5123,5123,23,23
528,528,A1MQNSLBGG2IC6,A1MQNSLBGG2IC6,2,2,2,2,2,2,1,1,"2019-09-11 20:40:16","2019-09-11 20:40:16",5123,5123,23,23
529,529,A3W2CJSS4ZH93J,A3W2CJSS4ZH93J,2,2,2,2,1,1,2,2,"2019-09-12 00:01:41","2019-09-12 00:01:41",5123,5123,23,23
530,530,1,1,1,1,2,2,3,3,4,4,"2019-11-17 21:06:41","2019-11-17 21:06:41",419,419,419,419
531,531,1,1,1,1,2,2,3,3,4,4,"2019-11-17 21:15:43","2019-11-17 21:15:43",419,419,19,19
532,532,A3PX8ILC809788,A3PX8ILC809788,1,1,2,2,2,2,4,4,"2019-11-17 21:44:40","2019-11-17 21:44:40",419,419,19,19
533,533,A6PRQVQM8YZ4W,A6PRQVQM8YZ4W,3,3,2,2,4,4,4,4,"2019-11-17 21:45:14","2019-11-17 21:45:14",419,419,19,19
534,534,AXID3RPK6NZT6,AXID3RPK6NZT6,1,1,3,3,6,6,3,3,"2019-11-17 21:48:03","2019-11-17 21:48:03",419,419,19,19
535,535,A3FU5C1J94D7GB,A3FU5C1J94D7GB,2,2,2,2,1,1,3,3,"2019-11-17 21:50:30","2019-11-17 21:50:30",419,419,19,19
536,536,A2KMK30K2TDDNH,A2KMK30K2TDDNH,2,2,2,2,3,3,3,3,"2019-11-17 21:52:43","2019-11-17 21:52:43",419,419,19,19
537,537,A26FOB7B8AG3MI,A26FOB7B8AG3MI,1,1,2,2,3,3,4,4,"2019-11-17 22:26:13","2019-11-17 22:26:13",419,419,19,19
538,538,ARVI4C0REM69B,ARVI4C0REM69B,2,2,1,1,3,3,3,3,"2019-11-17 22:33:40","2019-11-17 22:33:40",419,419,19,19
539,539,A18UALFVQ3CQIX,A18UALFVQ3CQIX,2,2,2,2,1,1,4,4,"2019-11-17 23:09:22","2019-11-17 23:09:22",419,419,19,19
540,540,A39NFW2FOEG898,A39NFW2FOEG898,1,1,2,2,2,2,3,3,"2019-11-18 01:49:50","2019-11-18 01:49:50",419,419,19,19
541,541,A1LQSODJ1E706K,A1LQSODJ1E706K,2,2,2,2,2,2,4,4,"2019-11-18 06:04:48","2019-11-18 06:04:48",419,419,19,19
542,542,AX0HTB5102YQT,AX0HTB5102YQT,1,1,2,2,1,1,4,4,"2019-11-18 06:09:43","2019-11-18 06:09:43",419,419,19,19
543,543,A1RS7VDO8Y1S07,A1RS7VDO8Y1S07,1,1,2,2,2,2,4,4,"2019-11-18 07:41:12","2019-11-18 07:41:12",419,419,21,21
544,544,AUZUHON52J10U,AUZUHON52J10U,1,1,1,1,6,6,4,4,"2019-11-18 08:01:13","2019-11-18 08:01:13",419,419,21,21
545,545,A25RJ54AHZGDOO,A25RJ54AHZGDOO,1,1,1,1,6,6,4,4,"2019-11-18 08:39:43","2019-11-18 08:39:43",419,419,19,19
546,546,A3EIM0G0H9D23X,A3EIM0G0H9D23X,1,1,2,2,5,5,1,1,"2019-11-18 08:52:48","2019-11-18 08:52:48",419,419,21,21
547,547,A2T9C4MFZM0YL0,A2T9C4MFZM0YL0,2,2,2,2,1,1,4,4,"2019-11-18 09:47:57","2019-11-18 09:47:57",419,419,21,21
548,548,A7X2K7IW80TBU,A7X2K7IW80TBU,2,2,2,2,3,3,4,4,"2019-11-18 09:50:31","2019-11-18 09:50:31",419,419,21,21
549,549,A2BX0O03OQ4EJ5,A2BX0O03OQ4EJ5,2,2,2,2,2,2,4,4,"2019-11-18 10:06:23","2019-11-18 10:06:23",419,419,21,21
550,550,A2BS7CXK6IQ1NG,A2BS7CXK6IQ1NG,1,1,2,2,2,2,3,3,"2019-11-18 10:15:04","2019-11-18 10:15:04",419,419,21,21
551,551,A1VIY1ZWBO3NVL,A1VIY1ZWBO3NVL,1,1,1,1,5,5,3,3,"2019-11-18 10:19:55","2019-11-18 10:19:55",419,419,21,21
552,552,A28JBSI52ZX65X,A28JBSI52ZX65X,2,2,2,2,4,4,4,4,"2019-11-18 10:40:21","2019-11-18 10:40:21",419,419,21,21
553,553,AIMP61WP9E0GQ,AIMP61WP9E0GQ,1,1,2,2,2,2,4,4,"2019-11-18 12:40:49","2019-11-18 12:40:49",419,419,21,21
554,554,AR4S7ZOB9QJYP,AR4S7ZOB9QJYP,1,1,2,2,3,3,4,4,"2019-11-18 13:52:06","2019-11-18 13:52:06",419,419,32,32
555,555,A2PGZ4K8RFSTTI,A2PGZ4K8RFSTTI,2,2,2,2,2,2,3,3,"2019-11-18 13:53:44","2019-11-18 13:53:44",419,419,32,32
556,556,AUZUHON52J10U,AUZUHON52J10U,1,1,1,1,6,6,4,4,"2019-11-18 13:56:43","2019-11-18 13:56:43",419,419,32,32
557,557,A1RB1PQVB94C9W,A1RB1PQVB94C9W,1,1,2,2,1,1,2,2,"2019-11-18 13:57:04","2019-11-18 13:57:04",419,419,32,32
558,558,A1E4A904M2LXXU,A1E4A904M2LXXU,1,1,2,2,6,6,2,2,"2019-11-18 14:11:05","2019-11-18 14:11:05",419,419,32,32
559,559,A2YHNN0QPCX5F2,A2YHNN0QPCX5F2,1,1,2,2,2,2,4,4,"2019-11-18 14:30:19","2019-11-18 14:30:19",419,419,32,32
560,560,AOJKD4QGUIDYG,AOJKD4QGUIDYG,1,1,2,2,4,4,2,2,"2019-11-18 14:39:45","2019-11-18 14:39:45",419,419,32,32
561,561,A46PFTLZHX85B,A46PFTLZHX85B,1,1,2,2,2,2,3,3,"2019-11-18 15:00:56","2019-11-18 15:00:56",419,419,32,32
562,562,A6VJ33FLJY094,A6VJ33FLJY094,1,1,2,2,1,1,2,2,"2019-11-18 15:39:57","2019-11-18 15:39:57",419,419,32,32
563,563,A6VJ33FLJY094,A6VJ33FLJY094,1,1,2,2,1,1,2,2,"2019-11-18 15:42:10","2019-11-18 15:42:10",419,419,32,32
564,564,A2DCNXRHSKT11U,A2DCNXRHSKT11U,1,1,1,1,1,1,3,3,"2019-11-18 16:11:26","2019-11-18 16:11:26",419,419,32,32
565,565,A2YFLF25HGIJIB,A2YFLF25HGIJIB,1,1,2,2,2,2,4,4,"2019-11-18 16:11:29","2019-11-18 16:11:29",419,419,32,32
566,566,A3OL5N49RZP2P1,A3OL5N49RZP2P1,1,1,2,2,2,2,4,4,"2019-11-18 16:57:07","2019-11-18 16:57:07",419,419,32,32
567,567,A1G2QDNAG1JHBJ,A1G2QDNAG1JHBJ,3,3,2,2,4,4,1,1,"2019-11-18 16:58:21","2019-11-18 16:58:21",419,419,32,32
568,568,A1S795QOR5VMJ5,A1S795QOR5VMJ5,2,2,2,2,5,5,4,4,"2019-11-18 17:12:46","2019-11-18 17:12:46",419,419,32,32
569,569,A250O7X1TAJCR6,A250O7X1TAJCR6,1,1,2,2,1,1,3,3,"2019-11-18 18:06:35","2019-11-18 18:06:35",419,419,32,32
570,570,A1X8UBJ3IA1T1,A1X8UBJ3IA1T1,2,2,2,2,3,3,4,4,"2019-11-18 18:31:40","2019-11-18 18:31:40",419,419,32,32
571,571,A1YMLNSEPCYTON,A1YMLNSEPCYTON,2,2,2,2,1,1,2,2,"2019-11-18 19:14:34","2019-11-18 19:14:34",419,419,43,43
572,572,A1A9FZFM6AOL7M,A1A9FZFM6AOL7M,1,1,2,2,2,2,4,4,"2019-11-18 19:16:53","2019-11-18 19:16:53",419,419,43,43
573,573,ABOJXCKPLTNO1,ABOJXCKPLTNO1,2,2,4,4,3,3,2,2,"2019-11-18 19:41:36","2019-11-18 19:41:36",419,419,43,43
574,574,A208SQNN3F76S2,A208SQNN3F76S2,1,1,2,2,2,2,3,3,"2019-11-18 19:59:13","2019-11-18 19:59:13",419,419,43,43
575,575,ADQ19I1JI7K7X,ADQ19I1JI7K7X,1,1,1,1,3,3,4,4,"2019-11-18 20:06:23","2019-11-18 20:06:23",419,419,43,43
576,576,A3S5HHZ1OO1LTZ,A3S5HHZ1OO1LTZ,1,1,1,1,1,1,1,1,"2019-11-18 20:08:19","2019-11-18 20:08:19",419,419,43,43
577,577,A27QIBL4MO6Z0X,A27QIBL4MO6Z0X,1,1,1,1,2,2,4,4,"2019-11-18 20:29:33","2019-11-18 20:29:33",419,419,43,43
578,578,AYPW9EVXUK7UZ,AYPW9EVXUK7UZ,2,2,1,1,4,4,4,4,"2019-11-18 20:49:34","2019-11-18 20:49:34",419,419,43,43
579,579,A3EJ3K5608VJ2O,A3EJ3K5608VJ2O,2,2,3,3,3,3,4,4,"2019-11-18 21:20:35","2019-11-18 21:20:35",419,419,43,43
580,580,A4VHHD5CPNFEK,A4VHHD5CPNFEK,2,2,2,2,5,5,4,4,"2019-11-18 21:35:44","2019-11-18 21:35:44",419,419,43,43
581,581,A1VSJUKM8VOY8H,A1VSJUKM8VOY8H,1,1,2,2,1,1,4,4,"2019-11-18 22:13:52","2019-11-18 22:13:52",419,419,54,54
582,582,AY6TSQ5C0UN1D,AY6TSQ5C0UN1D,2,2,2,2,3,3,2,2,"2019-11-18 22:14:54","2019-11-18 22:14:54",419,419,54,54
583,583,"MICHAEL SCAIFE","MICHAEL SCAIFE",1,1,2,2,5,5,1,1,"2019-11-18 22:42:57","2019-11-18 22:42:57",419,419,54,54
584,584,A3AYBSE0KUKC2E,A3AYBSE0KUKC2E,1,1,3,3,2,2,4,4,"2019-11-18 23:07:56","2019-11-18 23:07:56",419,419,54,54
585,585,A1L9ABPL6WVELR,A1L9ABPL6WVELR,1,1,1,1,3,3,4,4,"2019-11-19 01:35:32","2019-11-19 01:35:32",419,419,54,54
586,586,A1L9ABPL6WVELR,A1L9ABPL6WVELR,1,1,1,1,3,3,4,4,"2019-11-19 01:38:19","2019-11-19 01:38:19",419,419,54,54
587,587,A2FCTCUPP1AQ0W,A2FCTCUPP1AQ0W,2,2,2,2,1,1,3,3,"2019-11-19 03:31:46","2019-11-19 03:31:46",419,419,54,54
588,588,A1COXJRJSS3TTR,A1COXJRJSS3TTR,1,1,1,1,2,2,4,4,"2019-11-19 04:24:47","2019-11-19 04:24:47",419,419,54,54
589,589,A27YCLBAX0CEQ3,A27YCLBAX0CEQ3,2,2,1,1,6,6,4,4,"2019-11-19 08:55:41","2019-11-19 08:55:41",419,419,54,54
590,590,A35QN5P05UNZ4F,A35QN5P05UNZ4F,2,2,1,1,1,1,4,4,"2019-11-19 09:41:20","2019-11-19 09:41:20",419,419,54,54
591,591,A3I4KXPBR4ZW5,A3I4KXPBR4ZW5,3,3,2,2,1,1,4,4,"2019-11-19 11:24:49","2019-11-19 11:24:49",419,419,54,54
592,592,A3COQALEXT650,A3COQALEXT650,1,1,2,2,4,4,2,2,"2019-11-19 12:17:52","2019-11-19 12:17:52",419,419,54,54
593,593,A1C0AWJ1JULKO2,A1C0AWJ1JULKO2,1,1,1,1,3,3,4,4,"2019-11-19 12:35:29","2019-11-19 12:35:29",419,419,54,54
594,594,A35WOFYPGICAK,A35WOFYPGICAK,1,1,3,3,3,3,2,2,"2019-11-19 14:29:56","2019-11-19 14:29:56",419,419,54,54
595,595,AFVECGQW1WJ8U,AFVECGQW1WJ8U,1,1,1,1,2,2,4,4,"2019-11-19 14:45:20","2019-11-19 14:45:20",419,419,54,54
596,596,A3A6WDO5YWJD,A3A6WDO5YWJD,1,1,2,2,1,1,4,4,"2019-11-19 15:10:28","2019-11-19 15:10:28",419,419,54,54
597,597,AZ00C4Q6GKKKU,AZ00C4Q6GKKKU,3,3,1,1,1,1,2,2,"2019-11-19 15:40:37","2019-11-19 15:40:37",419,419,65,65
598,598,A3H629OSA4K43W,A3H629OSA4K43W,2,2,3,3,4,4,1,1,"2019-11-19 16:15:37","2019-11-19 16:15:37",419,419,54,54
599,599,A26Q2CRS6REXAD,A26Q2CRS6REXAD,2,2,2,2,1,1,3,3,"2019-11-19 17:51:17","2019-11-19 17:51:17",419,419,65,65
600,600,AG5JDV1422I1Q,AG5JDV1422I1Q,1,1,2,2,1,1,4,4,"2019-11-19 18:18:19","2019-11-19 18:18:19",419,419,65,65
601,601,A25RJ54AHZGDOO,A25RJ54AHZGDOO,1,1,2,2,6,6,4,4,"2019-11-19 18:56:52","2019-11-19 18:56:52",419,419,65,65
602,602,"I was provided a complimentary copy of this book in exchange for writing the review.v","I was provided a complimentary copy of this book in exchange for writing the review.v",,,,,,,,,"2019-11-19 19:04:27","2019-11-19 19:04:27",419,419,65,65
603,603,AFAX6KGS1P9GI,AFAX6KGS1P9GI,1,1,2,2,2,2,3,3,"2019-11-19 19:28:17","2019-11-19 19:28:17",419,419,65,65
604,604,AVFPZJ7RIENKN,AVFPZJ7RIENKN,1,1,2,2,3,3,4,4,"2019-11-19 20:27:53","2019-11-19 20:27:53",419,419,65,65
605,605,A18DXGMOBG9SX9,A18DXGMOBG9SX9,2,2,2,2,4,4,4,4,"2019-11-19 21:28:41","2019-11-19 21:28:41",419,419,65,65
606,606,A2MASR2PFXE5GW,A2MASR2PFXE5GW,2,2,2,2,2,2,2,2,"2019-11-19 22:33:27","2019-11-19 22:33:27",419,419,65,65
607,607,A18NZA5CFORPVY,A18NZA5CFORPVY,1,1,1,1,4,4,4,4,"2019-11-19 23:45:01","2019-11-19 23:45:01",419,419,65,65
608,608,APZBWSO74F8X5,APZBWSO74F8X5,1,1,2,2,1,1,2,2,"2019-11-20 02:46:04","2019-11-20 02:46:04",419,419,65,65
609,609,A19QK8TTHUCNG7,A19QK8TTHUCNG7,1,1,2,2,3,3,1,1,"2019-11-20 03:23:10","2019-11-20 03:23:10",419,419,54,54
610,610,A2VSOY7R90QVG5,A2VSOY7R90QVG5,2,2,2,2,1,1,4,4,"2019-11-20 04:48:35","2019-11-20 04:48:35",419,419,65,65
611,611,A2AHAQJTI88YPR,A2AHAQJTI88YPR,2,2,2,2,1,1,2,2,"2019-11-20 05:21:14","2019-11-20 05:21:14",419,419,65,65
612,612,AWJME1ZZPDHN0,AWJME1ZZPDHN0,3,3,2,2,1,1,4,4,"2019-11-20 08:55:52","2019-11-20 08:55:52",419,419,65,65
613,613,A150BOXII7BKNP,A150BOXII7BKNP,2,2,2,2,3,3,1,1,"2019-11-20 09:28:38","2019-11-20 09:28:38",419,419,76,76
614,614,ACXY6DV1ZJNY7,ACXY6DV1ZJNY7,2,2,2,2,3,3,4,4,"2019-11-20 09:43:25","2019-11-20 09:43:25",419,419,76,76
615,615,A3A2KCA26G0SZW,A3A2KCA26G0SZW,2,2,2,2,1,1,2,2,"2019-11-20 10:32:13","2019-11-20 10:32:13",419,419,76,76
616,616,ASBFKRH4CMHTI,ASBFKRH4CMHTI,1,1,2,2,3,3,4,4,"2019-11-20 12:32:17","2019-11-20 12:32:17",419,419,76,76
617,617," COPIEDA38OQ08RDU08GE"," COPIEDA38OQ08RDU08GE",3,3,1,1,4,4,2,2,"2019-11-20 12:47:53","2019-11-20 12:47:53",419,419,76,76
618,618,A1NVQWRO6FJDBI,A1NVQWRO6FJDBI,1,1,1,1,2,2,2,2,"2019-11-20 14:27:38","2019-11-20 14:27:38",419,419,76,76
619,619,A25KSFREJ776AS,A25KSFREJ776AS,1,1,2,2,3,3,4,4,"2019-11-20 15:03:12","2019-11-20 15:03:12",419,419,76,76
620,620,AV7T3FB0QQQH6,AV7T3FB0QQQH6,2,2,2,2,1,1,3,3,"2019-11-20 15:30:55","2019-11-20 15:30:55",419,419,76,76
621,621,A6M6ES3Z7QNWG,A6M6ES3Z7QNWG,2,2,2,2,1,1,2,2,"2019-11-20 16:01:59","2019-11-20 16:01:59",419,419,76,76
622,622,A1USKRAFG6C9TV,A1USKRAFG6C9TV,2,2,3,3,2,2,2,2,"2019-11-20 16:16:04","2019-11-20 16:16:04",419,419,76,76
623,623,A1UMPNWW0WHCV7,A1UMPNWW0WHCV7,1,1,2,2,4,4,4,4,"2019-11-20 16:54:17","2019-11-20 16:54:17",419,419,76,76
624,624,A18JD2MXWESMG7,A18JD2MXWESMG7,2,2,3,3,2,2,1,1,"2019-11-20 17:00:48","2019-11-20 17:00:48",419,419,76,76
625,625,A3T62C46FI4CVM,A3T62C46FI4CVM,1,1,2,2,2,2,4,4,"2019-11-20 18:35:42","2019-11-20 18:35:42",419,419,76,76
626,626,A20BMLDKLO38ZE,A20BMLDKLO38ZE,1,1,2,2,2,2,4,4,"2019-11-20 21:46:52","2019-11-20 21:46:52",419,419,87,87
627,627,https://wppi.soton.ac.uk/S5/O8/,https://wppi.soton.ac.uk/S5/O8/,1,1,2,2,2,2,,,"2019-11-20 21:47:32","2019-11-20 21:47:32",419,419,87,87
628,628,ARBJ6XQJP5VX5,ARBJ6XQJP5VX5,1,1,2,2,3,3,4,4,"2019-11-20 22:15:36","2019-11-20 22:15:36",419,419,87,87
629,629,A4A7P029P1F99,A4A7P029P1F99,1,1,1,1,2,2,2,2,"2019-11-20 22:39:11","2019-11-20 22:39:11",419,419,87,87
630,630,A2L408CQQKJT2M,A2L408CQQKJT2M,3,3,2,2,1,1,3,3,"2019-11-20 22:43:48","2019-11-20 22:43:48",419,419,87,87
631,631,A234S4IEER49GZ,A234S4IEER49GZ,2,2,2,2,2,2,2,2,"2019-11-20 23:00:57","2019-11-20 23:00:57",419,419,87,87
632,632,A3DI45UTHCC0RP,A3DI45UTHCC0RP,1,1,2,2,2,2,4,4,"2019-11-21 11:44:40","2019-11-21 11:44:40",419,419,87,87
633,633,A1RX3Z8XFJ8VJ1,A1RX3Z8XFJ8VJ1,1,1,2,2,4,4,4,4,"2019-11-21 15:16:57","2019-11-21 15:16:57",419,419,87,87
634,634,A2WG4QWEKAHZTZ,A2WG4QWEKAHZTZ,3,3,2,2,5,5,2,2,"2019-11-21 16:29:10","2019-11-21 16:29:10",419,419,87,87
635,635,A5M0DH06IWIAF,A5M0DH06IWIAF,1,1,1,1,4,4,4,4,"2019-11-21 16:30:12","2019-11-21 16:30:12",419,419,87,87
636,636,A3B0QSPI5FCA7S,A3B0QSPI5FCA7S,1,1,3,3,1,1,2,2,"2019-11-21 19:38:01","2019-11-21 19:38:01",419,419,87,87
637,637,A1GSBN597Y4BTF,A1GSBN597Y4BTF,2,2,2,2,4,4,4,4,"2019-11-21 22:21:51","2019-11-21 22:21:51",419,419,87,87
638,638,A1U19DJ5D5BJRD,A1U19DJ5D5BJRD,1,1,2,2,5,5,3,3,"2019-11-22 06:29:24","2019-11-22 06:29:24",419,419,87,87
639,639,A2Z9Z0D8IASTKK,A2Z9Z0D8IASTKK,3,3,2,2,2,2,4,4,"2019-11-22 10:13:48","2019-11-22 10:13:48",419,419,98,98
640,640,A2EKJB9QK7F092,A2EKJB9QK7F092,3,3,2,2,4,4,1,1,"2019-11-22 10:30:35","2019-11-22 10:30:35",419,419,98,98
641,641,A46PFTLZHX85B,A46PFTLZHX85B,1,1,2,2,2,2,3,3,"2019-11-22 11:08:26","2019-11-22 11:08:26",419,419,87,87
642,642,A46PFTLZHX85B,A46PFTLZHX85B,1,1,2,2,2,2,3,3,"2019-11-22 11:15:39","2019-11-22 11:15:39",419,419,87,87
643,643,A234S4IEER49GZ,A234S4IEER49GZ,2,2,2,2,2,2,2,2,"2019-11-22 11:41:04","2019-11-22 11:41:04",419,419,98,98
644,644,COPIEDAJC4QGCJ39VB1,COPIEDAJC4QGCJ39VB1,1,1,2,2,4,4,4,4,"2019-11-22 11:56:09","2019-11-22 11:56:09",419,419,98,98
645,645,A2V9ON1EW2TC60,A2V9ON1EW2TC60,2,2,2,2,1,1,3,3,"2019-11-22 14:11:19","2019-11-22 14:11:19",419,419,98,98
646,646,A1RX3Z8XFJ8VJ1,A1RX3Z8XFJ8VJ1,1,1,1,1,3,3,4,4,"2019-11-22 14:13:40","2019-11-22 14:13:40",419,419,98,98
647,647,AR44AFW993KRR,AR44AFW993KRR,3,3,3,3,4,4,4,4,"2019-11-22 14:33:00","2019-11-22 14:33:00",419,419,98,98
648,648,ASL2H1XNE9Y6W,ASL2H1XNE9Y6W,1,1,3,3,4,4,3,3,"2019-11-22 17:27:33","2019-11-22 17:27:33",419,419,98,98
649,649,ASL2H1XNE9Y6W,ASL2H1XNE9Y6W,1,1,3,3,4,4,3,3,"2019-11-22 17:28:50","2019-11-22 17:28:50",419,419,98,98
650,650,A3K4XDVBJH7XBG,A3K4XDVBJH7XBG,3,3,1,1,2,2,3,3,"2019-11-23 06:39:56","2019-11-23 06:39:56",419,419,98,98
651,651,A37QTEIPY5Q7DS,A37QTEIPY5Q7DS,2,2,2,2,1,1,3,3,"2019-11-23 10:00:18","2019-11-23 10:00:18",419,419,98,98
652,652,yo,yo,1,1,1,1,1,1,1,1,"2019-11-26 15:44:07","2019-11-26 15:44:07",419,419,19,19
653,653,yo,yo,1,1,2,2,7,7,4,4,"2019-11-26 15:49:46","2019-11-26 15:49:46",419,419,19,19
654,654,yo,yo,3,3,3,3,3,3,3,3,"2019-11-26 16:24:37","2019-11-26 16:24:37",6219,6219,6219,6219
655,655,yo3,yo3,1,1,2,2,3,3,4,4,"2019-11-26 17:30:29","2019-11-26 17:30:29",6319,6319,6319,6319
656,656,yo4,yo4,3,3,4,4,8,8,5,5,"2019-11-26 18:22:15","2019-11-26 18:22:15",6419,6419,6419,6419
657,657,yo4,yo4,1,1,2,2,3,3,5,5,"2019-11-26 18:39:54","2019-11-26 18:39:54",6419,6419,6419,6419
658,658,AXID3RPK6NZT6,AXID3RPK6NZT6,1,1,2,2,6,6,2,2,"2019-11-26 18:44:40","2019-11-26 18:44:40",6219,6219,6219,6219
659,659,A1UMPNWW0WHCV7,A1UMPNWW0WHCV7,2,2,2,2,4,4,5,5,"2019-11-26 18:48:56","2019-11-26 18:48:56",6219,6219,6219,6219
660,660,A1UMPNWW0WHCV7,A1UMPNWW0WHCV7,2,2,2,2,4,4,5,5,"2019-11-26 18:49:22","2019-11-26 18:49:22",6219,6219,6219,6219
661,661,AXID3RPK6NZT6,AXID3RPK6NZT6,1,1,2,2,6,6,2,2,"2019-11-26 18:56:14","2019-11-26 18:56:14",6419,6419,6419,6419
662,662,A3RDGO9R44A23Q,A3RDGO9R44A23Q,1,1,2,2,1,1,3,3,"2019-11-26 19:36:04","2019-11-26 19:36:04",6219,6219,6219,6219
663,663,A7X2K7IW80TBU,A7X2K7IW80TBU,2,2,2,2,4,4,3,3,"2019-11-26 19:36:44","2019-11-26 19:36:44",6419,6419,6419,6419
664,664,A2LI65T29I493R,A2LI65T29I493R,1,1,1,1,4,4,4,4,"2019-11-26 19:51:48","2019-11-26 19:51:48",6419,6419,6419,6419
665,665,AYL3SQMR8E5W9,AYL3SQMR8E5W9,1,1,2,2,2,2,5,5,"2019-11-26 20:03:03","2019-11-26 20:03:03",6219,6219,6219,6219
666,666,A7X2K7IW80TBU,A7X2K7IW80TBU,2,2,2,2,3,3,3,3,"2019-11-26 20:07:22","2019-11-26 20:07:22",6219,6219,6219,6219
667,667,AXID3RPK6NZT6,AXID3RPK6NZT6,1,1,2,2,6,6,2,2,"2019-11-26 20:43:32","2019-11-26 20:43:32",6319,6319,6319,6319
668,668,A3FU5C1J94D7GB,A3FU5C1J94D7GB,2,2,2,2,1,1,4,4,"2019-11-26 20:53:43","2019-11-26 20:53:43",6219,6219,6219,6219
669,669,A39NFW2FOEG898,A39NFW2FOEG898,1,1,1,1,3,3,3,3,"2019-11-26 21:08:44","2019-11-26 21:08:44",6319,6319,6319,6319
670,670,AWNCR45AYLQUF,AWNCR45AYLQUF,3,3,1,1,3,3,3,3,"2019-11-26 21:10:29","2019-11-26 21:10:29",6419,6419,6419,6419
671,671,A1FEPJESBGNOU5,A1FEPJESBGNOU5,1,1,2,2,1,1,2,2,"2019-11-26 21:51:28","2019-11-26 21:51:28",6319,6319,6319,6319
672,672,A1CXSF5YMXOO7R,A1CXSF5YMXOO7R,2,2,3,3,1,1,2,2,"2019-11-26 22:03:22","2019-11-26 22:03:22",6219,6219,6219,6219
673,673,A3GWDDTMUVM54F,A3GWDDTMUVM54F,2,2,3,3,1,1,2,2,"2019-11-26 22:38:37","2019-11-26 22:38:37",6419,6419,6419,6419
674,674,A1JO4Z8LY6IDKB,A1JO4Z8LY6IDKB,2,2,2,2,3,3,2,2,"2019-11-27 01:02:53","2019-11-27 01:02:53",6219,6219,6219,6219
675,675,A1JO4Z8LY6IDKB,A1JO4Z8LY6IDKB,2,2,2,2,3,3,2,2,"2019-11-27 01:04:11","2019-11-27 01:04:11",6219,6219,6219,6219
676,676,A171ARPSKRJB93,A171ARPSKRJB93,1,1,2,2,2,2,1,1,"2019-11-27 06:42:57","2019-11-27 06:42:57",6319,6319,6319,6319
677,677,A27QIBL4MO6Z0X,A27QIBL4MO6Z0X,1,1,1,1,2,2,4,4,"2019-11-27 07:28:09","2019-11-27 07:28:09",6419,6419,6419,6419
678,678,A1FEPJESBGNOU5,A1FEPJESBGNOU5,2,2,2,2,1,1,2,2,"2019-11-27 07:32:49","2019-11-27 07:32:49",6419,6419,6419,6419
679,679,A27QIBL4MO6Z0X,A27QIBL4MO6Z0X,1,1,1,1,2,2,4,4,"2019-11-27 07:43:02","2019-11-27 07:43:02",6419,6419,6419,6419
680,680,A2TO7EL78TB0AD,A2TO7EL78TB0AD,1,1,2,2,5,5,5,5,"2019-11-27 08:55:52","2019-11-27 08:55:52",6219,6219,6219,6219
681,681,A3JBXAUGUPVIQR,A3JBXAUGUPVIQR,3,3,1,1,2,2,4,4,"2019-11-27 09:08:19","2019-11-27 09:08:19",6219,6219,6219,6219
682,682,AR1T9V6PW5OD6,AR1T9V6PW5OD6,2,2,2,2,1,1,3,3,"2019-11-27 09:13:42","2019-11-27 09:13:42",6419,6419,6419,6419
683,683,A1C0AWJ1JULKO2,A1C0AWJ1JULKO2,1,1,1,1,3,3,4,4,"2019-11-27 09:30:55","2019-11-27 09:30:55",6419,6419,6419,6419
684,684,A1C0AWJ1JULKO2,A1C0AWJ1JULKO2,1,1,1,1,3,3,,,"2019-11-27 09:35:06","2019-11-27 09:35:06",6419,6419,6419,6419
685,685,A2HC04434S9TP0,A2HC04434S9TP0,1,1,1,1,4,4,4,4,"2019-11-27 09:39:08","2019-11-27 09:39:08",6319,6319,6319,6319
686,686,AFAX6KGS1P9GI,AFAX6KGS1P9GI,1,1,2,2,2,2,3,3,"2019-11-27 09:49:40","2019-11-27 09:49:40",6219,6219,6219,6219
687,687,A2CA5NH50MKUPY,A2CA5NH50MKUPY,1,1,1,1,2,2,4,4,"2019-11-27 10:21:10","2019-11-27 10:21:10",6219,6219,6219,6219
688,688," COPIEDAOJKD4QGUIDYG"," COPIEDAOJKD4QGUIDYG",1,1,2,2,4,4,2,2,"2019-11-27 10:40:42","2019-11-27 10:40:42",6419,6419,6419,6419
689,689,A14MCHQB6Z8MVT,A14MCHQB6Z8MVT,2,2,2,2,3,3,4,4,"2019-11-27 11:39:03","2019-11-27 11:39:03",6319,6319,6319,6319
690,690,COPIEDA2Q909ALQMOZB3,COPIEDA2Q909ALQMOZB3,3,3,2,2,2,2,5,5,"2019-11-27 12:09:47","2019-11-27 12:09:47",6319,6319,6319,6319
691,691,A171ARPSKRJB93,A171ARPSKRJB93,1,1,2,2,1,1,2,2,"2019-11-27 12:48:00","2019-11-27 12:48:00",6419,6419,6419,6419
692,692,AGOWZQGUL280W,AGOWZQGUL280W,1,1,2,2,2,2,5,5,"2019-11-27 14:27:29","2019-11-27 14:27:29",6419,6419,6419,6419
693,693,A1YWFS9HLO3J7B,A1YWFS9HLO3J7B,1,1,2,2,1,1,3,3,"2019-11-27 15:46:27","2019-11-27 15:46:27",6319,6319,6319,6319
694,694,A6M6ES3Z7QNWG,A6M6ES3Z7QNWG,1,1,2,2,1,1,2,2,"2019-11-27 15:55:44","2019-11-27 15:55:44",6419,6419,6419,6419
695,695,A6M6ES3Z7QNWG,A6M6ES3Z7QNWG,1,1,2,2,1,1,2,2,"2019-11-27 16:01:24","2019-11-27 16:01:24",6419,6419,6419,6419
696,696,AMQOY20HZIZCE,AMQOY20HZIZCE,3,3,2,2,3,3,1,1,"2019-11-27 16:22:15","2019-11-27 16:22:15",6419,6419,6419,6419
697,697,A28MMKQWUXUL2X,A28MMKQWUXUL2X,2,2,2,2,2,2,5,5,"2019-11-27 16:54:32","2019-11-27 16:54:32",6319,6319,6319,6319
698,698,A1JOMEOFHQBM50,A1JOMEOFHQBM50,2,2,2,2,1,1,3,3,"2019-11-27 17:14:25","2019-11-27 17:14:25",6319,6319,6319,6319
699,699,A1J25XF4DD6XBM,A1J25XF4DD6XBM,2,2,3,3,1,1,2,2,"2019-11-27 17:58:18","2019-11-27 17:58:18",6319,6319,6319,6319
700,700,": COPIEDA3PS5ZE5H19K66",": COPIEDA3PS5ZE5H19K66",1,1,2,2,2,2,4,4,"2019-11-27 18:14:53","2019-11-27 18:14:53",6319,6319,6319,6319
701,701,A68BJHDN5S942,A68BJHDN5S942,2,2,2,2,1,1,2,2,"2019-11-27 20:13:17","2019-11-27 20:13:17",6319,6319,6319,6319
702,702,A3EF2PPVXN51B5,A3EF2PPVXN51B5,2,2,2,2,1,1,4,4,"2019-11-27 22:46:03","2019-11-27 22:46:03",6319,6319,6319,6319
703,703,A28T8U97TJRAI1,A28T8U97TJRAI1,2,2,2,2,3,3,3,3,"2019-11-28 10:00:36","2019-11-28 10:00:36",6319,6319,6319,6319
704,704,AZJJM4MLJN12F,AZJJM4MLJN12F,1,1,2,2,1,1,3,3,"2019-11-28 10:40:34","2019-11-28 10:40:34",6319,6319,6319,6319
</tbody></table>